"","donorURI","time","amount","comment","run"
"1","/tracker/donor/1436/3",2011-08-13 23:18:36,5,"No","NA"
"2","/tracker/donor/41860/3",2011-08-13 13:26:45,5.3,"No","NA"
"3","/tracker/donor/41945/3",2011-08-13 11:57:22,10,"No","NA"
"4","/tracker/donor/11984/3",2011-08-13 01:05:54,20,"No","NA"
"5","/tracker/donor/41857/3",2011-08-13 00:54:43,100,"No","NA"
"6","/tracker/donor/41942/3",2011-08-06 21:16:13,15,"Yes","NA"
"7","/tracker/donor/11733/3",2011-08-06 21:11:55,30,"Yes","NA"
"8","/tracker/donor/41892/3",2011-08-06 21:05:51,15,"Yes","NA"
"9","/tracker/donor/11891/3",2011-08-06 21:02:58,5,"Yes","NA"
"10","/tracker/donor/165/3",2011-08-13 00:34:03,20,"Yes","NA"
"11","/tracker/donor/401/3",2011-08-11 18:44:16,20,"No","NA"
"12","/tracker/donor/4107/3",2011-08-10 22:54:47,1,"Yes","NA"
"13","/tracker/donor/41980/3",2011-08-10 12:14:02,10,"Yes","NA"
"14","/tracker/donor/3159/3",2011-08-08 01:02:06,10,"Yes","NA"
"15","/tracker/donor/3159/3",2011-08-07 22:35:21,5,"Yes","NA"
"16","/tracker/donor/41824/3",2011-08-07 00:35:31,15,"Yes","NA"
"17","/tracker/donor/1427/3",2011-08-07 00:32:51,1,"Yes","NA"
"18","/tracker/donor/6317/3",2011-08-07 00:31:20,1,"Yes","NA"
"19","/tracker/donor/27863/3",2011-08-06 16:44:09,10.01,"Yes","NA"
"20","/tracker/donor/2055/3",2011-08-06 16:43:42,5,"Yes","NA"
"21","/tracker/donor/777/3",2011-08-06 16:41:56,5,"Yes","NA"
"22","/tracker/donor/3251/3",2011-08-06 16:40:41,6.12,"Yes","NA"
"23","/tracker/donor/1959/3",2011-08-06 16:40:28,13.5,"Yes","NA"
"24","/tracker/donor/37/3",2011-08-06 16:39:04,5,"Yes","NA"
"25","/tracker/donor/41863/3",2011-08-06 16:36:08,5,"Yes","NA"
"26","/tracker/donor/7811/3",2011-08-06 16:35:27,10,"Yes","NA"
"27","/tracker/donor/1809/3",2011-08-06 16:34:40,5,"Yes","NA"
"28","/tracker/donor/221/3",2011-08-06 21:01:31,15,"Yes","NA"
"29","/tracker/donor/2022/3",2011-08-06 21:01:12,20,"Yes","NA"
"30","/tracker/donor/780/3",2011-08-06 21:00:20,50,"Yes","NA"
"31","/tracker/donor/138/3",2011-08-06 20:57:39,15,"Yes","NA"
"32","/tracker/donor/1145/3",2011-08-06 20:57:06,15,"Yes","NA"
"33","/tracker/donor/863/3",2011-08-06 20:57:06,1,"Yes","NA"
"34","/tracker/donor/41217/3",2011-08-06 20:55:59,20,"Yes","NA"
"35","/tracker/donor/906/3",2011-08-06 20:53:43,10,"Yes","NA"
"36","/tracker/donor/3252/3",2011-08-06 20:50:10,10,"No","NA"
"37","/tracker/donor/3818/3",2011-08-06 20:47:23,15,"Yes","NA"
"38","/tracker/donor/3818/3",2011-08-06 20:41:15,10,"Yes","NA"
"39","/tracker/donor/980/3",2011-08-07 00:29:15,5,"Yes","NA"
"40","/tracker/donor/2454/3",2011-08-07 00:27:16,10,"Yes","NA"
"41","/tracker/donor/41867/3",2011-08-07 00:26:22,20,"Yes","NA"
"42","/tracker/donor/164/3",2011-08-07 00:23:32,5,"Yes","NA"
"43","/tracker/donor/1782/3",2011-08-07 00:19:41,7.5,"Yes","NA"
"44","/tracker/donor/3064/3",2011-08-07 00:11:32,10,"Yes","NA"
"45","/tracker/donor/138/3",2011-08-07 00:06:51,10,"Yes","NA"
"46","/tracker/donor/2064/3",2011-08-06 23:56:07,100,"Yes","NA"
"47",NA,2011-08-06 23:50:02,40,"Yes","NA"
"48","/tracker/donor/41929/3",2011-08-06 23:29:43,7.51,"Yes","NA"
"49","/tracker/donor/41913/3",2011-08-06 23:25:12,15,"Yes","NA"
"50","/tracker/donor/41931/3",2011-08-06 16:34:13,5.01,"Yes","NA"
"51","/tracker/donor/41956/3",2011-08-06 16:33:31,20,"Yes","NA"
"52","/tracker/donor/777/3",2011-08-06 16:32:20,5,"Yes","NA"
"53","/tracker/donor/221/3",2011-08-06 16:32:00,15,"Yes","NA"
"54","/tracker/donor/2749/3",2011-08-06 16:29:06,10,"Yes","NA"
"55","/tracker/donor/836/3",2011-08-06 16:28:43,10,"Yes","NA"
"56","/tracker/donor/4927/3",2011-08-06 16:27:50,5,"Yes","NA"
"57","/tracker/donor/27023/3",2011-08-06 16:26:28,20,"Yes","NA"
"58","/tracker/donor/3110/3",2011-08-06 16:25:52,10,"Yes","NA"
"59","/tracker/donor/319/3",2011-08-06 16:24:56,10,"Yes","NA"
"60","/tracker/donor/79/3",2011-08-06 16:24:24,10,"Yes","NA"
"61","/tracker/donor/41892/3",2011-08-06 20:40:20,15,"Yes","NA"
"62","/tracker/donor/2648/3",2011-08-06 20:37:21,10,"Yes","NA"
"63","/tracker/donor/41974/3",2011-08-06 20:33:14,50,"Yes","NA"
"64","/tracker/donor/40859/3",2011-08-06 20:27:14,2,"Yes","NA"
"65","/tracker/donor/41922/3",2011-08-06 20:26:55,10,"Yes","NA"
"66","/tracker/donor/40822/3",2011-08-06 20:18:04,10,"No","NA"
"67","/tracker/donor/36638/3",2011-08-06 20:14:34,10,"Yes","NA"
"68","/tracker/donor/863/3",2011-08-06 20:11:05,0.01,"Yes","NA"
"69","/tracker/donor/1007/3",2011-08-06 20:07:24,10,"No","NA"
"70","/tracker/donor/7286/3",2011-08-06 20:03:21,10,"Yes","NA"
"71","/tracker/donor/5050/3",2011-08-06 20:03:06,0.01,"Yes","NA"
"72","/tracker/donor/41897/3",2011-08-06 23:24:49,12,"Yes","NA"
"73","/tracker/donor/41937/3",2011-08-06 23:23:43,10,"No","NA"
"74","/tracker/donor/16720/3",2011-08-06 23:22:33,5,"Yes","NA"
"75","/tracker/donor/221/3",2011-08-06 23:20:51,15,"Yes","NA"
"76","/tracker/donor/41465/3",2011-08-06 23:10:39,10,"Yes","NA"
"77","/tracker/donor/1473/3",2011-08-06 23:05:34,25.36,"Yes","NA"
"78","/tracker/donor/1073/3",2011-08-06 22:54:46,15,"No","NA"
"79","/tracker/donor/2064/3",2011-08-06 22:52:05,100,"Yes","NA"
"80","/tracker/donor/402/3",2011-08-06 22:51:28,40,"Yes","NA"
"81","/tracker/donor/1815/3",2011-08-06 22:51:17,10.01,"No","NA"
"82","/tracker/donor/41875/3",2011-08-06 22:51:04,20,"Yes","NA"
"83","/tracker/donor/1776/3",2011-08-06 16:23:58,10,"Yes","NA"
"84","/tracker/donor/41883/3",2011-08-06 16:23:33,5,"Yes","NA"
"85","/tracker/donor/2987/3",2011-08-06 16:23:32,30,"Yes","NA"
"86","/tracker/donor/2368/3",2011-08-06 16:20:21,5,"Yes","NA"
"87","/tracker/donor/41913/3",2011-08-06 16:20:11,10,"Yes","NA"
"88","/tracker/donor/3292/3",2011-08-06 16:20:02,8.86,"Yes","NA"
"89","/tracker/donor/1473/3",2011-08-06 16:20:00,10,"Yes","NA"
"90","/tracker/donor/41373/3",2011-08-06 16:19:55,20,"Yes","NA"
"91","/tracker/donor/40966/3",2011-08-06 16:19:28,100,"Yes","NA"
"92","/tracker/donor/1809/3",2011-08-06 16:17:00,110,"Yes","NA"
"93","/tracker/donor/580/3",2011-08-06 16:16:54,10,"Yes","NA"
"94","/tracker/donor/1956/3",2011-08-06 19:59:27,0.66,"Yes","NA"
"95","/tracker/donor/221/3",2011-08-06 19:53:46,15,"Yes","NA"
"96","/tracker/donor/5050/3",2011-08-06 19:53:02,10,"Yes","NA"
"97","/tracker/donor/41478/3",2011-08-06 19:49:41,10,"Yes","NA"
"98","/tracker/donor/41943/3",2011-08-06 19:30:03,10.35,"Yes","NA"
"99","/tracker/donor/1934/3",2011-08-06 19:26:33,20,"Yes","NA"
"100","/tracker/donor/1656/3",2011-08-06 19:19:20,10,"Yes","NA"
"101","/tracker/donor/1197/3",2011-08-06 19:18:45,10,"Yes","NA"
"102","/tracker/donor/138/3",2011-08-06 19:06:57,5,"Yes","NA"
"103","/tracker/donor/1103/3",2011-08-06 19:03:08,10,"Yes","NA"
"104","/tracker/donor/141/3",2011-08-06 19:02:46,10,"Yes","NA"
"105","/tracker/donor/3159/3",2011-08-06 22:26:10,25,"Yes","NA"
"106","/tracker/donor/221/3",2011-08-06 22:15:05,15,"Yes","NA"
"107","/tracker/donor/1177/3",2011-08-06 22:04:15,10,"Yes","NA"
"108","/tracker/donor/3988/3",2011-08-06 21:57:07,15,"Yes","NA"
"109","/tracker/donor/221/3",2011-08-06 21:52:24,5,"Yes","NA"
"110","/tracker/donor/3818/3",2011-08-06 21:52:01,5,"Yes","NA"
"111","/tracker/donor/30452/3",2011-08-06 21:51:43,208,"Yes","NA"
"112","/tracker/donor/452/3",2011-08-06 21:51:32,10,"Yes","NA"
"113","/tracker/donor/2977/3",2011-08-06 21:51:29,50,"Yes","NA"
"114","/tracker/donor/41236/3",2011-08-06 21:46:23,137,"Yes","NA"
"115","/tracker/donor/1145/3",2011-08-06 21:35:12,1,"Yes","NA"
"116","/tracker/donor/41856/3",2011-08-06 16:15:14,10,"Yes","NA"
"117","/tracker/donor/26479/3",2011-08-06 16:13:29,10,"Yes","NA"
"118","/tracker/donor/2554/3",2011-08-06 16:11:41,20,"Yes","NA"
"119","/tracker/donor/3262/3",2011-08-06 16:11:36,10,"Yes","NA"
"120","/tracker/donor/8345/3",2011-08-06 16:11:29,10,"Yes","NA"
"121","/tracker/donor/1304/3",2011-08-06 16:11:09,5,"Yes","NA"
"122","/tracker/donor/1408/3",2011-08-06 16:10:53,15,"Yes","NA"
"123","/tracker/donor/41992/3",2011-08-06 16:10:25,10,"Yes","NA"
"124","/tracker/donor/980/3",2011-08-06 16:10:25,10,"Yes","NA"
"125","/tracker/donor/40842/3",2011-08-06 16:10:12,5,"Yes","NA"
"126","/tracker/donor/41917/3",2011-08-06 16:10:07,10,"Yes","NA"
"127","/tracker/donor/221/3",2011-08-06 18:52:46,10,"Yes","NA"
"128","/tracker/donor/10145/3",2011-08-06 18:40:40,5,"No","NA"
"129","/tracker/donor/2571/3",2011-08-06 18:37:11,10,"Yes","NA"
"130","/tracker/donor/2851/3",2011-08-06 18:30:36,10,"Yes","NA"
"131","/tracker/donor/8309/3",2011-08-06 18:30:27,20,"Yes","NA"
"132","/tracker/donor/780/3",2011-08-06 18:29:28,15,"Yes","NA"
"133","/tracker/donor/41610/3",2011-08-06 18:25:06,5,"Yes","NA"
"134","/tracker/donor/1947/3",2011-08-06 18:18:51,10,"Yes","NA"
"135","/tracker/donor/5050/3",2011-08-06 18:18:15,5,"Yes","NA"
"136","/tracker/donor/41904/3",2011-08-06 18:16:37,5,"Yes","NA"
"137","/tracker/donor/2722/3",2011-08-06 18:16:32,10,"Yes","NA"
"138","/tracker/donor/41959/3",2011-08-06 18:06:30,5.02,"Yes","NA"
"139","/tracker/donor/30452/3",2011-08-06 21:26:04,5,"No","NA"
"140","/tracker/donor/452/3",2011-08-06 21:25:45,15,"Yes","NA"
"141","/tracker/donor/452/3",2011-08-06 21:19:46,15,"Yes","NA"
"142","/tracker/donor/909/3",2011-08-06 16:10:06,5,"Yes","NA"
"143","/tracker/donor/41847/3",2011-08-06 16:10:04,1,"Yes","NA"
"144","/tracker/donor/1656/3",2011-08-06 16:10:00,5,"Yes","NA"
"145","/tracker/donor/19346/3",2011-08-06 16:09:26,5,"No","NA"
"146","/tracker/donor/2208/3",2011-08-06 16:09:17,60,"Yes","NA"
"147","/tracker/donor/1348/3",2011-08-06 16:08:00,10,"Yes","NA"
"148","/tracker/donor/1794/3",2011-08-06 16:07:13,5,"Yes","NA"
"149","/tracker/donor/2011/3",2011-08-06 16:07:01,5,"No","NA"
"150","/tracker/donor/1145/3",2011-08-06 18:06:11,20,"Yes","NA"
"151","/tracker/donor/41930/3",2011-08-06 10:54:54,12,"Yes","NA"
"152","/tracker/donor/41932/3",2011-08-06 10:54:03,5,"Yes","NA"
"153","/tracker/donor/41995/3",2011-08-06 10:51:23,20,"Yes","NA"
"154","/tracker/donor/41113/3",2011-08-06 10:48:50,10,"Yes","NA"
"155","/tracker/donor/221/3",2011-08-06 10:47:31,5,"Yes","NA"
"156","/tracker/donor/3097/3",2011-08-06 10:39:58,13.37,"Yes","NA"
"157","/tracker/donor/41865/3",2011-08-06 10:38:55,10,"Yes","NA"
"158","/tracker/donor/2977/3",2011-08-06 10:38:19,20,"Yes","NA"
"159","/tracker/donor/41636/3",2011-08-06 10:37:27,10,"Yes","NA"
"160",NA,2011-08-06 10:37:27,10,"Yes","NA"
"161","/tracker/donor/164/3",2011-08-06 10:37:22,10,"Yes","NA"
"162","/tracker/donor/994/3",2011-08-06 10:36:05,10,"Yes","NA"
"163","/tracker/donor/41870/3",2011-08-06 10:35:44,10,"No","NA"
"164","/tracker/donor/3252/3",2011-08-06 10:35:38,10,"No","NA"
"165",NA,2011-08-06 10:34:54,10,"Yes","NA"
"166","/tracker/donor/1145/3",2011-08-06 10:34:33,10,"Yes","NA"
"167","/tracker/donor/319/3",2011-08-06 10:33:36,10,"Yes","NA"
"168","/tracker/donor/2722/3",2011-08-06 10:33:28,10,"Yes","NA"
"169","/tracker/donor/2815/3",2011-08-06 10:33:23,31.5,"Yes","NA"
"170","/tracker/donor/2959/3",2011-08-06 10:33:14,10,"Yes","NA"
"171","/tracker/donor/2086/3",2011-08-06 10:32:35,15,"Yes","NA"
"172",NA,2011-08-06 10:31:40,10,"Yes","NA"
"173","/tracker/donor/3333/3",2011-08-06 10:27:35,5,"No","NA"
"174","/tracker/donor/893/3",2011-08-06 10:24:05,10,"Yes","NA"
"175","/tracker/donor/41966/3",2011-08-06 10:23:28,299.99,"Yes","NA"
"176","/tracker/donor/6264/3",2011-08-06 10:20:03,5,"Yes","NA"
"177","/tracker/donor/40742/3",2011-08-06 10:15:03,10,"Yes","NA"
"178","/tracker/donor/1776/3",2011-08-06 09:59:27,50,"Yes","NA"
"179","/tracker/donor/141/3",2011-08-06 09:58:17,10,"Yes","NA"
"180","/tracker/donor/777/3",2011-08-06 09:57:30,15,"Yes","NA"
"181","/tracker/donor/2722/3",2011-08-06 09:52:50,10,"Yes","NA"
"182","/tracker/donor/41338/3",2011-08-06 09:50:31,50,"Yes","NA"
"183","/tracker/donor/3113/3",2011-08-06 09:43:53,40,"Yes","NA"
"184","/tracker/donor/843/3",2011-08-06 09:41:20,10,"Yes","NA"
"185","/tracker/donor/3342/3",2011-08-06 08:56:15,15,"No","NA"
"186","/tracker/donor/41905/3",2011-08-06 08:54:16,500,"Yes","NA"
"187",NA,2011-08-06 08:51:25,5,"Yes","NA"
"188","/tracker/donor/141/3",2011-08-06 08:51:09,25,"Yes","NA"
"189","/tracker/donor/41553/3",2011-08-06 08:45:42,11,"Yes","NA"
"190","/tracker/donor/3185/3",2011-08-06 08:45:13,10,"Yes","NA"
"191","/tracker/donor/2571/3",2011-08-06 08:40:02,20,"Yes","NA"
"192","/tracker/donor/237/3",2011-08-06 08:29:45,20,"Yes","NA"
"193","/tracker/donor/12572/3",2011-08-06 08:22:06,25,"Yes","NA"
"194","/tracker/donor/1131/3",2011-08-06 07:57:53,500,"Yes","NA"
"195","/tracker/donor/41079/3",2011-08-06 07:44:46,10,"Yes","NA"
"196","/tracker/donor/41985/3",2011-08-06 07:21:11,1,"No","NA"
"197","/tracker/donor/41875/3",2011-08-06 06:44:08,5,"Yes","NA"
"198","/tracker/donor/41961/3",2011-08-06 06:39:28,19.99,"Yes","NA"
"199","/tracker/donor/141/3",2011-08-06 06:38:54,20,"Yes","NA"
"200",NA,2011-08-06 06:32:06,10,"Yes","NA"
"201","/tracker/donor/3123/3",2011-08-06 16:06:37,50,"Yes","NA"
"202","/tracker/donor/2208/3",2011-08-06 16:05:28,150,"Yes","NA"
"203","/tracker/donor/2551/3",2011-08-06 16:05:07,5,"Yes","NA"
"204","/tracker/donor/994/3",2011-08-06 16:04:16,10,"Yes","NA"
"205","/tracker/donor/402/3",2011-08-06 16:04:13,19.94,"Yes","NA"
"206","/tracker/donor/2977/3",2011-08-06 16:03:14,10,"Yes","NA"
"207","/tracker/donor/61/3",2011-08-06 16:02:54,50,"Yes","NA"
"208","/tracker/donor/1612/3",2011-08-06 16:02:44,8.4,"Yes","NA"
"209","/tracker/donor/2007/3",2011-08-06 16:02:16,10,"Yes","NA"
"210","/tracker/donor/41959/3",2011-08-06 15:58:54,20,"Yes","NA"
"211","/tracker/donor/16720/3",2011-08-06 15:58:32,5,"Yes","NA"
"212","/tracker/donor/3156/3",2011-08-06 15:55:45,16,"Yes","NA"
"213","/tracker/donor/1667/3",2011-08-06 15:55:23,10,"Yes","NA"
"214","/tracker/donor/41866/3",2011-08-06 15:55:03,10,"Yes","NA"
"215","/tracker/donor/40742/3",2011-08-06 15:54:51,10,"Yes","NA"
"216","/tracker/donor/777/3",2011-08-06 15:52:26,20,"Yes","NA"
"217","/tracker/donor/1543/3",2011-08-06 15:51:52,10,"Yes","NA"
"218","/tracker/donor/1211/3",2011-08-06 15:49:16,1,"Yes","NA"
"219","/tracker/donor/1965/3",2011-08-06 15:47:47,13.76,"Yes","NA"
"220","/tracker/donor/4061/3",2011-08-06 15:47:38,10,"Yes","NA"
"221","/tracker/donor/41863/3",2011-08-06 15:39:37,1,"Yes","NA"
"222","/tracker/donor/41970/3",2011-08-06 15:39:25,4.2,"Yes","NA"
"223","/tracker/donor/35247/3",2011-08-06 15:31:04,25,"Yes","NA"
"224","/tracker/donor/141/3",2011-08-06 15:28:47,10,"Yes","NA"
"225","/tracker/donor/41261/3",2011-08-06 15:25:28,10,"Yes","NA"
"226","/tracker/donor/2406/3",2011-08-06 15:24:41,2,"Yes","NA"
"227","/tracker/donor/41978/3",2011-08-06 15:21:55,10,"Yes","NA"
"228","/tracker/donor/41974/3",2011-08-06 15:18:21,50,"Yes","NA"
"229","/tracker/donor/41929/3",2011-08-06 15:17:23,1,"Yes","NA"
"230",NA,2011-08-06 15:17:12,10,"Yes","NA"
"231","/tracker/donor/910/3",2011-08-06 15:12:55,10,"Yes","NA"
"232","/tracker/donor/41974/3",2011-08-06 15:12:20,100,"Yes","NA"
"233","/tracker/donor/41879/3",2011-08-06 15:04:40,10,"Yes","NA"
"234","/tracker/donor/41983/3",2011-08-06 15:01:31,10,"Yes","NA"
"235","/tracker/donor/3251/3",2011-08-06 14:59:58,15,"Yes","NA"
"236","/tracker/donor/41920/3",2011-08-06 14:59:10,20,"No","NA"
"237","/tracker/donor/870/3",2011-08-06 14:59:03,10,"No","NA"
"238","/tracker/donor/1688/3",2011-08-06 14:58:32,10,"Yes","NA"
"239","/tracker/donor/41887/3",2011-08-06 14:54:27,10,"Yes","NA"
"240","/tracker/donor/41863/3",2011-08-06 14:54:18,10,"Yes","NA"
"241","/tracker/donor/1321/3",2011-08-06 14:47:09,10,"Yes","NA"
"242","/tracker/donor/3159/3",2011-08-06 14:44:26,10,"Yes","NA"
"243","/tracker/donor/42000/3",2011-08-06 14:44:21,10,"No","NA"
"244",NA,2011-08-06 14:43:50,10,"Yes","NA"
"245","/tracker/donor/41927/3",2011-08-06 14:43:36,5,"Yes","NA"
"246","/tracker/donor/41672/3",2011-08-06 14:42:52,10,"Yes","NA"
"247",NA,2011-08-06 14:41:34,10,"Yes","NA"
"248","/tracker/donor/4849/3",2011-08-06 14:40:15,10,"Yes","NA"
"249","/tracker/donor/221/3",2011-08-06 14:39:13,10,"Yes","NA"
"250","/tracker/donor/2217/3",2011-08-06 14:38:39,10,"Yes","NA"
"251","/tracker/donor/41875/3",2011-08-06 06:19:23,10,"Yes","NA"
"252","/tracker/donor/41961/3",2011-08-06 06:17:34,15,"Yes","NA"
"253","/tracker/donor/41961/3",2011-08-06 06:09:40,5,"Yes","NA"
"254","/tracker/donor/141/3",2011-08-06 06:05:00,10,"Yes","NA"
"255","/tracker/donor/29326/3",2011-08-06 06:01:40,20,"Yes","NA"
"256","/tracker/donor/1102/3",2011-08-06 05:16:56,10,"Yes","NA"
"257","/tracker/donor/2174/3",2011-08-06 05:04:01,10,"Yes","NA"
"258","/tracker/donor/41928/3",2011-08-06 04:51:12,10,"No","NA"
"259","/tracker/donor/41509/3",2011-08-06 04:41:48,30,"Yes","NA"
"260","/tracker/donor/41889/3",2011-08-06 04:41:30,10,"Yes","NA"
"261","/tracker/donor/41910/3",2011-08-06 04:40:22,10,"Yes","NA"
"262","/tracker/donor/2174/3",2011-08-06 04:39:26,10,"Yes","NA"
"263","/tracker/donor/706/3",2011-08-06 04:39:20,25,"Yes","NA"
"264","/tracker/donor/40923/3",2011-08-06 04:39:18,5,"Yes","NA"
"265","/tracker/donor/4849/3",2011-08-06 04:37:01,50,"Yes","NA"
"266","/tracker/donor/41910/3",2011-08-06 04:33:22,10,"Yes","NA"
"267","/tracker/donor/4849/3",2011-08-06 04:32:17,6,"Yes","NA"
"268","/tracker/donor/41908/3",2011-08-06 04:31:58,20,"Yes","NA"
"269","/tracker/donor/41960/3",2011-08-06 04:30:36,10,"Yes","NA"
"270","/tracker/donor/27023/3",2011-08-06 04:26:29,60,"Yes","NA"
"271","/tracker/donor/4163/3",2011-08-06 04:24:23,10,"Yes","NA"
"272","/tracker/donor/1189/3",2011-08-06 03:53:33,100,"Yes","NA"
"273","/tracker/donor/1667/3",2011-08-06 03:39:40,5,"Yes","NA"
"274","/tracker/donor/41960/3",2011-08-06 03:35:05,10,"Yes","NA"
"275",NA,2011-08-06 03:26:56,5,"No","NA"
"276","/tracker/donor/37/3",2011-08-06 03:21:49,5,"Yes","NA"
"277","/tracker/donor/1555/3",2011-08-06 03:11:54,300,"Yes","NA"
"278","/tracker/donor/37/3",2011-08-06 03:08:33,15,"Yes","NA"
"279","/tracker/donor/2174/3",2011-08-06 03:07:30,10,"Yes","NA"
"280","/tracker/donor/420/3",2011-08-06 03:04:14,10,"Yes","NA"
"281","/tracker/donor/4849/3",2011-08-06 03:00:50,30,"Yes","NA"
"282","/tracker/donor/344/3",2011-08-06 02:56:28,10,"Yes","NA"
"283","/tracker/donor/41894/3",2011-08-06 02:50:11,7.5,"Yes","NA"
"284","/tracker/donor/3066/3",2011-08-06 02:44:44,12,"Yes","NA"
"285","/tracker/donor/262/3",2011-08-06 02:41:41,5,"Yes","NA"
"286","/tracker/donor/40941/3",2011-08-06 02:10:13,8,"Yes","NA"
"287","/tracker/donor/1408/3",2011-08-06 02:08:21,10,"No","NA"
"288","/tracker/donor/41926/3",2011-08-06 01:50:36,10,"Yes","NA"
"289","/tracker/donor/1776/3",2011-08-06 01:46:51,20,"Yes","NA"
"290","/tracker/donor/706/3",2011-08-06 01:29:04,10,"Yes","NA"
"291","/tracker/donor/5489/3",2011-08-06 01:26:26,5,"Yes","NA"
"292","/tracker/donor/4849/3",2011-08-06 01:25:53,20,"Yes","NA"
"293","/tracker/donor/3270/3",2011-08-06 01:18:35,13,"No","NA"
"294","/tracker/donor/4849/3",2011-08-06 01:17:23,5,"Yes","NA"
"295","/tracker/donor/909/3",2011-08-06 01:13:54,5,"Yes","NA"
"296","/tracker/donor/2977/3",2011-08-06 01:06:01,10,"Yes","NA"
"297",NA,2011-08-06 00:58:04,5,"No","NA"
"298","/tracker/donor/41950/3",2011-08-06 00:50:15,20,"No","NA"
"299","/tracker/donor/452/3",2011-08-06 00:40:11,20,"Yes","NA"
"300",NA,2011-08-06 00:39:17,6.29,"Yes","NA"
"301","/tracker/donor/29326/3",2011-08-06 17:59:20,20,"Yes","NA"
"302","/tracker/donor/3292/3",2011-08-06 17:56:57,11.67,"Yes","NA"
"303","/tracker/donor/2382/3",2011-08-06 17:55:08,10,"No","NA"
"304",NA,2011-08-06 17:54:32,10,"Yes","NA"
"305","/tracker/donor/41894/3",2011-08-06 17:53:17,5,"Yes","NA"
"306","/tracker/donor/41587/3",2011-08-06 17:53:07,10,"Yes","NA"
"307","/tracker/donor/1826/3",2011-08-06 17:53:05,10,"Yes","NA"
"308","/tracker/donor/1386/3",2011-08-06 17:51:11,15,"No","NA"
"309","/tracker/donor/2492/3",2011-08-06 17:49:56,18,"Yes","NA"
"310",NA,2011-08-06 17:48:04,5,"Yes","NA"
"311","/tracker/donor/41998/3",2011-08-06 17:46:30,300,"Yes","NA"
"312","/tracker/donor/573/3",2011-08-06 17:45:20,100,"Yes","NA"
"313","/tracker/donor/41856/3",2011-08-06 14:38:30,5,"Yes","NA"
"314","/tracker/donor/2895/3",2011-08-06 14:37:54,10,"Yes","NA"
"315","/tracker/donor/41975/3",2011-08-06 14:37:42,15,"Yes","NA"
"316","/tracker/donor/41914/3",2011-08-06 14:35:24,10,"Yes","NA"
"317","/tracker/donor/2290/3",2011-08-06 14:34:45,5,"Yes","NA"
"318","/tracker/donor/41936/3",2011-08-06 14:33:22,10,"Yes","NA"
"319","/tracker/donor/41636/3",2011-08-06 14:32:25,5,"Yes","NA"
"320","/tracker/donor/41899/3",2011-08-06 17:44:27,5,"Yes","NA"
"321","/tracker/donor/41862/3",2011-08-06 17:43:00,10,"Yes","NA"
"322","/tracker/donor/777/3",2011-08-06 17:38:58,5,"Yes","NA"
"323","/tracker/donor/41927/3",2011-08-06 17:36:28,5,"Yes","NA"
"324","/tracker/donor/611/3",2011-08-06 17:34:24,30,"Yes","NA"
"325","/tracker/donor/777/3",2011-08-06 17:33:43,5,"Yes","NA"
"326","/tracker/donor/2571/3",2011-08-06 17:33:13,20,"Yes","NA"
"327","/tracker/donor/1555/3",2011-08-06 17:29:53,30,"Yes","NA"
"328","/tracker/donor/41850/3",2011-08-06 17:25:53,10,"Yes","NA"
"329","/tracker/donor/41966/3",2011-08-06 17:24:22,50.01,"Yes","NA"
"330","/tracker/donor/3000/3",2011-08-06 14:32:17,20.01,"Yes","NA"
"331","/tracker/donor/40818/3",2011-08-06 14:31:38,2,"Yes","NA"
"332","/tracker/donor/319/3",2011-08-06 14:29:37,2.04,"Yes","NA"
"333","/tracker/donor/41000/3",2011-08-06 14:29:05,50,"Yes","NA"
"334","/tracker/donor/41719/3",2011-08-06 14:28:53,100,"Yes","NA"
"335","/tracker/donor/1965/3",2011-08-06 14:28:32,10.67,"Yes","NA"
"336","/tracker/donor/780/3",2011-08-06 14:27:43,50,"Yes","NA"
"337","/tracker/donor/1473/3",2011-08-06 14:25:30,10,"Yes","NA"
"338","/tracker/donor/426/3",2011-08-06 14:24:44,2,"Yes","NA"
"339","/tracker/donor/40818/3",2011-08-06 14:22:10,5,"Yes","NA"
"340","/tracker/donor/41931/3",2011-08-06 14:22:08,2,"Yes","NA"
"341","/tracker/donor/1764/3",2011-08-06 17:23:35,5,"No","NA"
"342","/tracker/donor/1543/3",2011-08-06 17:23:16,5,"Yes","NA"
"343","/tracker/donor/41872/3",2011-08-06 17:23:04,4.93,"Yes","NA"
"344","/tracker/donor/6953/3",2011-08-06 17:22:54,20,"Yes","NA"
"345","/tracker/donor/41972/3",2011-08-06 17:22:52,20,"No","NA"
"346","/tracker/donor/4849/3",2011-08-06 17:22:51,5,"Yes","NA"
"347","/tracker/donor/777/3",2011-08-06 17:22:31,5,"Yes","NA"
"348",NA,2011-08-06 17:22:26,10,"Yes","NA"
"349","/tracker/donor/41924/3",2011-08-06 17:22:13,25,"Yes","NA"
"350","/tracker/donor/112/3",2011-08-06 17:21:47,42,"Yes","NA"
"351","/tracker/donor/41986/3",2011-08-06 17:21:40,10,"Yes","NA"
"352","/tracker/donor/1415/3",2011-08-06 17:21:27,100,"Yes","NA"
"353","/tracker/donor/41972/3",2011-08-06 14:20:10,100,"No","NA"
"354","/tracker/donor/41854/3",2011-08-06 14:18:38,5,"Yes","NA"
"355","/tracker/donor/41993/3",2011-08-06 14:18:02,10,"Yes","NA"
"356","/tracker/donor/4990/3",2011-08-06 14:15:16,10,"Yes","NA"
"357","/tracker/donor/402/3",2011-08-06 14:14:42,20,"Yes","NA"
"358","/tracker/donor/221/3",2011-08-06 14:13:44,5,"Yes","NA"
"359","/tracker/donor/41915/3",2011-08-06 14:13:40,10,"Yes","NA"
"360","/tracker/donor/1782/3",2011-08-06 14:13:34,5,"Yes","NA"
"361","/tracker/donor/41903/3",2011-08-06 14:12:31,20,"Yes","NA"
"362","/tracker/donor/1965/3",2011-08-06 14:11:00,10,"Yes","NA"
"363","/tracker/donor/266/3",2011-08-06 17:19:21,50,"Yes","NA"
"364","/tracker/donor/573/3",2011-08-06 17:18:55,173,"Yes","NA"
"365","/tracker/donor/3818/3",2011-08-06 17:18:26,15,"Yes","NA"
"366","/tracker/donor/777/3",2011-08-06 17:16:32,5,"Yes","NA"
"367","/tracker/donor/2629/3",2011-08-06 17:12:40,20,"Yes","NA"
"368","/tracker/donor/37/3",2011-08-06 17:12:34,25,"Yes","NA"
"369",NA,2011-08-06 17:12:19,10,"Yes","NA"
"370","/tracker/donor/1473/3",2011-08-06 17:10:02,4.64,"Yes","NA"
"371","/tracker/donor/41708/3",2011-08-06 17:01:09,10,"Yes","NA"
"372","/tracker/donor/777/3",2011-08-06 16:59:01,5,"Yes","NA"
"373","/tracker/donor/659/3",2011-08-06 16:58:01,10,"Yes","NA"
"374","/tracker/donor/1776/3",2011-08-06 14:07:55,25,"Yes","NA"
"375","/tracker/donor/1682/3",2011-08-06 14:07:20,10,"No","NA"
"376","/tracker/donor/41855/3",2011-08-06 14:07:01,5,"No","NA"
"377","/tracker/donor/236/3",2011-08-06 14:06:39,10,"No","NA"
"378","/tracker/donor/41927/3",2011-08-06 14:05:55,10,"Yes","NA"
"379",NA,2011-08-06 14:05:21,10,"Yes","NA"
"380","/tracker/donor/1656/3",2011-08-06 14:05:18,10,"Yes","NA"
"381","/tracker/donor/3233/3",2011-08-06 14:04:27,10,"No","NA"
"382","/tracker/donor/41929/3",2011-08-06 14:03:36,5,"Yes","NA"
"383","/tracker/donor/994/3",2011-08-06 14:03:27,5,"Yes","NA"
"384","/tracker/donor/22/3",2011-08-06 14:02:38,20,"Yes","NA"
"385","/tracker/donor/41872/3",2011-08-06 16:57:43,14.93,"Yes","NA"
"386","/tracker/donor/777/3",2011-08-06 16:56:13,3,"Yes","NA"
"387","/tracker/donor/236/3",2011-08-06 16:55:27,5,"Yes","NA"
"388","/tracker/donor/3049/3",2011-08-06 16:46:33,10,"Yes","NA"
"389","/tracker/donor/103/3",2011-08-06 16:44:16,20,"Yes","NA"
"390","/tracker/donor/4302/3",2011-08-06 14:02:19,20,"Yes","NA"
"391","/tracker/donor/157/3",2011-08-06 14:02:09,10,"Yes","NA"
"392","/tracker/donor/4163/3",2011-08-06 14:01:24,10,"Yes","NA"
"393","/tracker/donor/2977/3",2011-08-06 14:00:45,10,"Yes","NA"
"394","/tracker/donor/2815/3",2011-08-06 13:59:45,10,"Yes","NA"
"395","/tracker/donor/319/3",2011-08-06 13:58:59,10,"Yes","NA"
"396","/tracker/donor/1244/3",2011-08-06 13:57:53,90,"Yes","NA"
"397","/tracker/donor/1473/3",2011-08-06 13:57:35,10,"Yes","NA"
"398","/tracker/donor/41858/3",2011-08-06 13:57:05,20,"Yes","NA"
"399","/tracker/donor/41042/3",2011-08-06 13:57:03,15,"Yes","NA"
"400","/tracker/donor/1145/3",2011-08-06 13:47:53,5,"Yes","NA"
"401","/tracker/donor/41983/3",2011-08-06 13:36:55,1,"Yes","NA"
"402","/tracker/donor/41995/3",2011-08-06 13:26:38,20,"Yes","NA"
"403","/tracker/donor/92/3",2011-08-06 13:26:18,15,"No","NA"
"404","/tracker/donor/4369/3",2011-08-06 13:24:35,10,"Yes","NA"
"405","/tracker/donor/1496/3",2011-08-06 13:24:22,300,"Yes","NA"
"406","/tracker/donor/41984/3",2011-08-06 13:20:44,20,"Yes","NA"
"407","/tracker/donor/1070/3",2011-08-06 13:18:37,50,"Yes","NA"
"408","/tracker/donor/1496/3",2011-08-06 13:18:33,75,"Yes","NA"
"409","/tracker/donor/2805/3",2011-08-06 13:18:22,10,"Yes","NA"
"410","/tracker/donor/1131/3",2011-08-06 13:16:24,277,"Yes","NA"
"411","/tracker/donor/2427/3",2011-08-06 13:15:20,100,"Yes","NA"
"412","/tracker/donor/21559/3",2011-08-06 13:13:20,10,"Yes","NA"
"413","/tracker/donor/1145/3",2011-08-06 13:09:01,5,"Yes","NA"
"414","/tracker/donor/2136/3",2011-08-06 13:02:55,5,"Yes","NA"
"415","/tracker/donor/2977/3",2011-08-06 12:58:39,30,"Yes","NA"
"416","/tracker/donor/2984/3",2011-08-06 12:56:09,10,"Yes","NA"
"417","/tracker/donor/2926/3",2011-08-06 12:50:00,15,"No","NA"
"418","/tracker/donor/41939/3",2011-08-06 12:45:06,3,"No","NA"
"419","/tracker/donor/41938/3",2011-08-06 12:40:31,20,"No","NA"
"420",NA,2011-08-06 12:31:50,3,"Yes","NA"
"421","/tracker/donor/4720/3",2011-08-06 12:31:06,10,"Yes","NA"
"422","/tracker/donor/8309/3",2011-08-06 12:29:48,15,"Yes","NA"
"423","/tracker/donor/2492/3",2011-08-06 12:29:06,10,"Yes","NA"
"424","/tracker/donor/1688/3",2011-08-06 12:29:04,20,"Yes","NA"
"425","/tracker/donor/4849/3",2011-08-06 12:28:29,10,"Yes","NA"
"426","/tracker/donor/1304/3",2011-08-06 12:12:09,20,"Yes","NA"
"427","/tracker/donor/3818/3",2011-08-06 12:09:21,10.09,"Yes","NA"
"428","/tracker/donor/1440/3",2011-08-06 12:08:18,5,"Yes","NA"
"429","/tracker/donor/41906/3",2011-08-06 12:03:18,20,"Yes","NA"
"430","/tracker/donor/41897/3",2011-08-06 12:00:20,10,"Yes","NA"
"431","/tracker/donor/1440/3",2011-08-06 11:59:32,10,"Yes","NA"
"432","/tracker/donor/41719/3",2011-08-06 11:58:19,22.22,"Yes","NA"
"433","/tracker/donor/165/3",2011-08-06 11:57:05,20,"Yes","NA"
"434","/tracker/donor/112/3",2011-08-06 11:55:25,3,"Yes","NA"
"435","/tracker/donor/1776/3",2011-08-06 11:44:07,25,"Yes","NA"
"436","/tracker/donor/41465/3",2011-08-06 11:32:30,20,"Yes","NA"
"437","/tracker/donor/41861/3",2011-08-06 11:28:50,10,"Yes","NA"
"438","/tracker/donor/2368/3",2011-08-06 11:25:25,25,"Yes","NA"
"439","/tracker/donor/41911/3",2011-08-06 11:24:02,10,"Yes","NA"
"440","/tracker/donor/41800/3",2011-08-06 11:23:47,10,"Yes","NA"
"441","/tracker/donor/84/3",2011-08-06 11:22:14,10,"Yes","NA"
"442","/tracker/donor/1656/3",2011-08-06 11:22:06,5,"Yes","NA"
"443","/tracker/donor/41888/3",2011-08-06 11:14:53,20,"Yes","NA"
"444","/tracker/donor/41871/3",2011-08-06 11:05:17,10,"Yes","NA"
"445","/tracker/donor/41552/3",2011-08-06 11:04:10,10,"Yes","NA"
"446","/tracker/donor/3292/3",2011-08-06 10:57:30,11.67,"Yes","NA"
"447","/tracker/donor/1499/3",2011-08-06 10:57:27,10,"Yes","NA"
"448","/tracker/donor/2975/3",2011-08-06 10:57:25,10,"Yes","NA"
"449","/tracker/donor/2057/3",2011-08-06 10:57:08,25,"Yes","NA"
"450","/tracker/donor/2129/3",2011-08-06 10:56:36,10,"Yes","NA"
"451","/tracker/donor/41880/3",2011-08-06 00:34:43,10,"Yes","NA"
"452","/tracker/donor/1211/3",2011-08-06 00:34:21,20,"Yes","NA"
"453","/tracker/donor/1688/3",2011-08-06 00:31:16,10,"Yes","NA"
"454","/tracker/donor/836/3",2011-08-06 00:24:55,10,"Yes","NA"
"455","/tracker/donor/2899/3",2011-08-06 00:23:03,15,"Yes","NA"
"456","/tracker/donor/41873/3",2011-08-06 00:19:54,7.5,"Yes","NA"
"457","/tracker/donor/41963/3",2011-08-06 00:19:51,50,"No","NA"
"458","/tracker/donor/2522/3",2011-08-06 00:19:28,5,"Yes","NA"
"459","/tracker/donor/22/3",2011-08-06 00:15:12,20,"Yes","NA"
"460","/tracker/donor/41864/3",2011-08-06 00:13:13,11,"Yes","NA"
"461","/tracker/donor/40742/3",2011-08-06 00:12:31,10,"Yes","NA"
"462","/tracker/donor/2055/3",2011-08-06 00:12:28,13.37,"Yes","NA"
"463","/tracker/donor/3252/3",2011-08-06 00:12:11,10,"Yes","NA"
"464","/tracker/donor/8384/3",2011-08-06 00:07:48,50,"Yes","NA"
"465","/tracker/donor/2508/3",2011-08-05 23:57:44,5,"Yes","NA"
"466","/tracker/donor/1890/3",2011-08-05 23:57:28,5,"No","NA"
"467","/tracker/donor/2454/3",2011-08-05 23:57:20,5,"Yes","NA"
"468","/tracker/donor/706/3",2011-08-05 23:57:08,10,"Yes","NA"
"469","/tracker/donor/836/3",2011-08-05 23:49:16,20,"Yes","NA"
"470","/tracker/donor/4849/3",2011-08-05 23:44:05,10,"Yes","NA"
"471","/tracker/donor/41900/3",2011-08-05 23:35:16,10,"Yes","NA"
"472","/tracker/donor/1049/3",2011-08-05 23:30:01,50,"Yes","NA"
"473","/tracker/donor/874/3",2011-08-05 23:23:48,30,"Yes","NA"
"474","/tracker/donor/14014/3",2011-08-05 23:19:12,15,"Yes","NA"
"475","/tracker/donor/1565/3",2011-08-05 23:17:43,20,"Yes","NA"
"476","/tracker/donor/8218/3",2011-08-05 23:15:44,10,"No","NA"
"477","/tracker/donor/41636/3",2011-08-05 23:14:06,5,"Yes","NA"
"478","/tracker/donor/41863/3",2011-08-05 23:13:44,5,"Yes","NA"
"479","/tracker/donor/41113/3",2011-08-05 23:12:59,10,"Yes","NA"
"480","/tracker/donor/61/3",2011-08-05 23:12:51,50,"Yes","NA"
"481",NA,2011-08-05 23:12:12,5,"Yes","NA"
"482","/tracker/donor/41951/3",2011-08-05 23:11:55,20,"Yes","NA"
"483","/tracker/donor/3252/3",2011-08-05 23:11:20,20,"Yes","NA"
"484","/tracker/donor/41839/3",2011-08-05 23:09:11,10,"Yes","NA"
"485","/tracker/donor/40742/3",2011-08-05 23:08:46,5,"Yes","NA"
"486","/tracker/donor/2899/3",2011-08-05 23:08:37,5,"Yes","NA"
"487","/tracker/donor/2392/3",2011-08-05 23:08:21,20,"Yes","NA"
"488","/tracker/donor/3337/3",2011-08-05 23:08:16,5,"Yes","NA"
"489","/tracker/donor/2055/3",2011-08-05 23:08:12,10,"Yes","NA"
"490","/tracker/donor/41904/3",2011-08-05 23:07:23,5,"Yes","NA"
"491","/tracker/donor/874/3",2011-08-05 23:07:20,10,"Yes","NA"
"492","/tracker/donor/2977/3",2011-08-05 23:05:12,10,"Yes","NA"
"493","/tracker/donor/4242/3",2011-08-05 23:04:54,10,"Yes","NA"
"494","/tracker/donor/3000/3",2011-08-05 23:04:30,5,"Yes","NA"
"495","/tracker/donor/41038/3",2011-08-05 22:50:03,4.29,"Yes","NA"
"496","/tracker/donor/221/3",2011-08-05 22:48:20,5,"Yes","NA"
"497","/tracker/donor/41355/3",2011-08-05 22:47:01,5,"No","NA"
"498","/tracker/donor/40810/3",2011-08-05 22:46:55,25,"Yes","NA"
"499","/tracker/donor/236/3",2011-08-05 22:45:08,10,"Yes","NA"
"500","/tracker/donor/3262/3",2011-08-05 22:44:54,5,"Yes","NA"
"501","/tracker/donor/40870/3",2011-08-05 19:46:46,10.01,"Yes","NA"
"502","/tracker/donor/41960/3",2011-08-05 19:46:00,10,"Yes","NA"
"503","/tracker/donor/1859/3",2011-08-05 19:43:51,10,"Yes","NA"
"504","/tracker/donor/874/3",2011-08-05 19:43:23,5,"Yes","NA"
"505","/tracker/donor/41000/3",2011-08-05 19:39:34,70,"Yes","NA"
"506","/tracker/donor/1145/3",2011-08-05 19:36:54,5,"Yes","NA"
"507","/tracker/donor/41998/3",2011-08-05 19:36:31,70,"Yes","NA"
"508","/tracker/donor/2899/3",2011-08-05 19:36:27,10,"Yes","NA"
"509","/tracker/donor/16720/3",2011-08-05 19:36:26,10,"Yes","NA"
"510","/tracker/donor/158/3",2011-08-05 19:36:18,50,"Yes","NA"
"511","/tracker/donor/777/3",2011-08-05 19:35:48,5,"Yes","NA"
"512","/tracker/donor/41000/3",2011-08-05 19:33:07,100,"Yes","NA"
"513","/tracker/donor/1809/3",2011-08-05 19:23:35,20,"Yes","NA"
"514","/tracker/donor/2492/3",2011-08-05 19:22:13,20,"Yes","NA"
"515","/tracker/donor/40941/3",2011-08-05 19:22:11,120,"Yes","NA"
"516","/tracker/donor/751/3",2011-08-05 19:21:38,18.88,"Yes","NA"
"517","/tracker/donor/221/3",2011-08-05 19:21:33,19,"Yes","NA"
"518","/tracker/donor/41998/3",2011-08-05 19:21:28,30,"Yes","NA"
"519","/tracker/donor/41916/3",2011-08-05 19:20:24,10,"Yes","NA"
"520","/tracker/donor/40742/3",2011-08-05 19:20:01,5,"Yes","NA"
"521","/tracker/donor/1956/3",2011-08-05 19:18:02,0.02,"Yes","NA"
"522","/tracker/donor/41897/3",2011-08-05 19:18:01,10,"Yes","NA"
"523","/tracker/donor/196/3",2011-08-05 19:17:42,20,"Yes","NA"
"524",NA,2011-08-05 19:15:55,15,"Yes","NA"
"525","/tracker/donor/1688/3",2011-08-05 19:14:19,20,"Yes","NA"
"526","/tracker/donor/40742/3",2011-08-05 19:12:02,8,"Yes","NA"
"527","/tracker/donor/1112/3",2011-08-05 19:10:44,10,"Yes","NA"
"528","/tracker/donor/41310/3",2011-08-05 19:07:02,10,"Yes","NA"
"529","/tracker/donor/8918/3",2011-08-05 19:04:44,13,"Yes","NA"
"530","/tracker/donor/1415/3",2011-08-05 19:03:03,15,"Yes","NA"
"531",NA,2011-08-05 19:02:55,10,"Yes","NA"
"532","/tracker/donor/40626/3",2011-08-05 19:01:34,11.11,"Yes","NA"
"533","/tracker/donor/41853/3",2011-08-05 19:01:31,10,"Yes","NA"
"534","/tracker/donor/1543/3",2011-08-05 19:01:05,0.01,"Yes","NA"
"535","/tracker/donor/41874/3",2011-08-05 18:56:40,10,"No","NA"
"536","/tracker/donor/1524/3",2011-08-05 18:55:52,10,"Yes","NA"
"537","/tracker/donor/41904/3",2011-08-05 18:55:30,10,"Yes","NA"
"538","/tracker/donor/41987/3",2011-08-05 18:55:30,10,"No","NA"
"539","/tracker/donor/2977/3",2011-08-05 18:55:22,20,"Yes","NA"
"540","/tracker/donor/41976/3",2011-08-05 18:54:27,11.11,"Yes","NA"
"541","/tracker/donor/6264/3",2011-08-05 18:45:52,4.8,"Yes","NA"
"542","/tracker/donor/40923/3",2011-08-05 18:43:19,10,"Yes","NA"
"543","/tracker/donor/1543/3",2011-08-05 18:43:15,20,"Yes","NA"
"544","/tracker/donor/909/3",2011-08-05 18:42:08,5,"Yes","NA"
"545","/tracker/donor/37/3",2011-08-05 18:41:47,10,"Yes","NA"
"546","/tracker/donor/41943/3",2011-08-05 13:36:50,12,"Yes","NA"
"547","/tracker/donor/2740/3",2011-08-05 13:35:33,5,"Yes","NA"
"548","/tracker/donor/48/3",2011-08-05 13:33:46,15,"Yes","NA"
"549","/tracker/donor/41977/3",2011-08-05 13:33:23,10,"Yes","NA"
"550","/tracker/donor/3252/3",2011-08-05 13:26:21,20,"Yes","NA"
"551","/tracker/donor/41636/3",2011-08-05 13:24:47,10,"Yes","NA"
"552","/tracker/donor/2290/3",2011-08-05 13:24:27,5,"Yes","NA"
"553","/tracker/donor/1069/3",2011-08-05 13:24:16,50,"Yes","NA"
"554","/tracker/donor/40558/3",2011-08-05 13:23:57,10,"Yes","NA"
"555","/tracker/donor/2977/3",2011-08-05 13:22:34,20,"Yes","NA"
"556","/tracker/donor/2290/3",2011-08-05 18:41:22,10,"Yes","NA"
"557","/tracker/donor/40742/3",2011-08-05 18:40:48,5,"Yes","NA"
"558","/tracker/donor/23138/3",2011-08-05 18:40:25,10,"Yes","NA"
"559","/tracker/donor/40923/3",2011-08-05 18:40:03,5,"Yes","NA"
"560","/tracker/donor/41897/3",2011-08-05 18:37:39,0.01,"Yes","NA"
"561","/tracker/donor/41465/3",2011-08-05 13:21:36,10,"Yes","NA"
"562","/tracker/donor/41026/3",2011-08-05 13:10:38,15,"Yes","NA"
"563","/tracker/donor/3149/3",2011-08-05 13:08:55,50,"Yes","NA"
"564","/tracker/donor/777/3",2011-08-05 12:54:10,10,"Yes","NA"
"565","/tracker/donor/2977/3",2011-08-05 12:53:44,60,"Yes","NA"
"566","/tracker/donor/37221/3",2011-08-05 12:53:28,45,"No","NA"
"567","/tracker/donor/6266/3",2011-08-05 12:50:37,10,"Yes","NA"
"568","/tracker/donor/2304/3",2011-08-05 12:48:11,40,"Yes","NA"
"569","/tracker/donor/1145/3",2011-08-05 12:34:09,10,"Yes","NA"
"570","/tracker/donor/1131/3",2011-08-05 12:30:19,100,"Yes","NA"
"571","/tracker/donor/449/3",2011-08-05 12:22:17,10,"Yes","NA"
"572","/tracker/donor/41859/3",2011-08-05 12:17:08,20,"Yes","NA"
"573","/tracker/donor/1244/3",2011-08-05 12:08:45,10,"Yes","NA"
"574","/tracker/donor/221/3",2011-08-05 11:59:19,10,"Yes","NA"
"575","/tracker/donor/41056/3",2011-08-05 11:53:27,10,"Yes","NA"
"576","/tracker/donor/2959/3",2011-08-05 11:47:07,10,"Yes","NA"
"577","/tracker/donor/41636/3",2011-08-05 11:45:38,10,"Yes","NA"
"578","/tracker/donor/41997/3",2011-08-05 11:43:32,100,"Yes","NA"
"579","/tracker/donor/41982/3",2011-08-05 11:40:10,20,"Yes","NA"
"580","/tracker/donor/1145/3",2011-08-05 11:37:09,10,"Yes","NA"
"581","/tracker/donor/319/3",2011-08-05 11:24:26,10,"Yes","NA"
"582","/tracker/donor/227/3",2011-08-05 11:24:25,15,"Yes","NA"
"583","/tracker/donor/1776/3",2011-08-05 11:24:13,15,"Yes","NA"
"584","/tracker/donor/1069/3",2011-08-05 11:24:12,10,"Yes","NA"
"585","/tracker/donor/41881/3",2011-08-05 11:09:03,10,"Yes","NA"
"586","/tracker/donor/1947/3",2011-08-05 11:07:10,10,"Yes","NA"
"587","/tracker/donor/2975/3",2011-08-05 10:45:41,10,"Yes","NA"
"588","/tracker/donor/319/3",2011-08-05 10:44:20,10,"Yes","NA"
"589","/tracker/donor/6264/3",2011-08-05 10:41:38,10,"Yes","NA"
"590","/tracker/donor/2977/3",2011-08-05 10:38:17,20,"Yes","NA"
"591","/tracker/donor/141/3",2011-08-05 10:36:57,10,"Yes","NA"
"592","/tracker/donor/41465/3",2011-08-05 10:30:05,20,"Yes","NA"
"593","/tracker/donor/994/3",2011-08-05 10:29:43,10,"Yes","NA"
"594","/tracker/donor/3185/3",2011-08-05 10:22:08,4.61,"Yes","NA"
"595","/tracker/donor/110/3",2011-08-05 10:21:02,15,"Yes","NA"
"596","/tracker/donor/1415/3",2011-08-05 10:02:00,160,"Yes","NA"
"597","/tracker/donor/2304/3",2011-08-05 09:53:17,27.01,"Yes","NA"
"598","/tracker/donor/1415/3",2011-08-05 09:43:01,15,"Yes","NA"
"599","/tracker/donor/221/3",2011-08-05 09:38:14,20,"Yes","NA"
"600","/tracker/donor/990/3",2011-08-05 09:12:10,20,"Yes","NA"
"601","/tracker/donor/1965/3",2011-08-05 17:18:43,5.95,"Yes","NA"
"602","/tracker/donor/1656/3",2011-08-05 17:14:38,5,"Yes","NA"
"603","/tracker/donor/41901/3",2011-08-05 17:12:45,10,"No","NA"
"604","/tracker/donor/2116/3",2011-08-05 17:09:21,30,"Yes","NA"
"605","/tracker/donor/3273/3",2011-08-05 17:03:01,15,"Yes","NA"
"606","/tracker/donor/41967/3",2011-08-05 17:02:45,10,"Yes","NA"
"607","/tracker/donor/138/3",2011-08-05 17:01:11,5,"Yes","NA"
"608","/tracker/donor/1890/3",2011-08-05 16:57:46,5,"No","NA"
"609","/tracker/donor/2522/3",2011-08-05 16:57:32,5,"Yes","NA"
"610","/tracker/donor/1293/3",2011-08-05 16:55:37,5,"Yes","NA"
"611","/tracker/donor/1809/3",2011-08-05 16:54:12,20,"Yes","NA"
"612","/tracker/donor/2571/3",2011-08-05 16:53:43,20,"Yes","NA"
"613","/tracker/donor/1604/3",2011-08-05 16:53:17,15,"Yes","NA"
"614","/tracker/donor/2522/3",2011-08-05 16:48:43,5,"Yes","NA"
"615","/tracker/donor/3042/3",2011-08-05 16:47:49,10,"No","NA"
"616","/tracker/donor/164/3",2011-08-05 16:46:39,5,"Yes","NA"
"617","/tracker/donor/221/3",2011-08-05 16:43:52,5,"Yes","NA"
"618","/tracker/donor/221/3",2011-08-05 16:40:09,6,"Yes","NA"
"619","/tracker/donor/37/3",2011-08-05 16:39:56,5,"Yes","NA"
"620","/tracker/donor/41465/3",2011-08-05 16:36:50,10,"Yes","NA"
"621","/tracker/donor/1809/3",2011-08-05 16:36:36,5,"Yes","NA"
"622","/tracker/donor/157/3",2011-08-05 16:33:33,10,"Yes","NA"
"623","/tracker/donor/41465/3",2011-08-05 16:30:59,5,"Yes","NA"
"624","/tracker/donor/41719/3",2011-08-05 16:21:13,101,"Yes","NA"
"625","/tracker/donor/1956/3",2011-08-05 16:19:16,5,"Yes","NA"
"626","/tracker/donor/41962/3",2011-08-05 16:17:56,0.05,"Yes","NA"
"627","/tracker/donor/41946/3",2011-08-05 16:16:40,20,"No","NA"
"628","/tracker/donor/1809/3",2011-08-05 16:15:43,4,"Yes","NA"
"629","/tracker/donor/604/3",2011-08-05 16:13:26,5,"Yes","NA"
"630","/tracker/donor/1965/3",2011-08-05 16:07:36,30,"Yes","NA"
"631","/tracker/donor/41971/3",2011-08-05 16:05:51,5,"Yes","NA"
"632","/tracker/donor/41961/3",2011-08-05 16:05:09,5,"Yes","NA"
"633","/tracker/donor/12572/3",2011-08-05 16:02:10,15,"Yes","NA"
"634","/tracker/donor/41961/3",2011-08-05 15:56:25,5,"Yes","NA"
"635","/tracker/donor/1957/3",2011-08-05 15:55:35,1,"Yes","NA"
"636","/tracker/donor/41865/3",2011-08-05 15:53:42,10,"No","NA"
"637","/tracker/donor/1145/3",2011-08-05 15:52:55,5,"Yes","NA"
"638","/tracker/donor/151/3",2011-08-05 15:49:49,10,"Yes","NA"
"639","/tracker/donor/41894/3",2011-08-05 15:49:28,10,"Yes","NA"
"640","/tracker/donor/41897/3",2011-08-05 15:43:20,10,"Yes","NA"
"641","/tracker/donor/221/3",2011-08-05 15:40:51,5,"Yes","NA"
"642","/tracker/donor/221/3",2011-08-05 15:36:10,1,"Yes","NA"
"643",NA,2011-08-05 15:32:48,5,"Yes","NA"
"644","/tracker/donor/2016/3",2011-08-05 15:32:38,10,"Yes","NA"
"645","/tracker/donor/1197/3",2011-08-05 15:31:43,20,"Yes","NA"
"646","/tracker/donor/221/3",2011-08-05 15:30:24,1,"Yes","NA"
"647","/tracker/donor/221/3",2011-08-05 15:27:22,1,"Yes","NA"
"648","/tracker/donor/41954/3",2011-08-05 15:26:03,10,"Yes","NA"
"649","/tracker/donor/40842/3",2011-08-05 15:23:02,5,"Yes","NA"
"650","/tracker/donor/4990/3",2011-08-05 15:22:13,10,"Yes","NA"
"651","/tracker/donor/765/3",2011-08-05 22:43:31,5,"Yes","NA"
"652","/tracker/donor/3156/3",2011-08-05 22:42:47,16,"Yes","NA"
"653","/tracker/donor/2519/3",2011-08-05 22:42:43,5,"Yes","NA"
"654","/tracker/donor/780/3",2011-08-05 22:42:43,10,"Yes","NA"
"655","/tracker/donor/1776/3",2011-08-05 22:40:42,25,"Yes","NA"
"656","/tracker/donor/3252/3",2011-08-05 22:33:58,5,"No","NA"
"657","/tracker/donor/41947/3",2011-08-05 22:33:42,10,"No","NA"
"658","/tracker/donor/994/3",2011-08-05 22:32:48,5,"Yes","NA"
"659","/tracker/donor/37/3",2011-08-05 22:32:45,5,"Yes","NA"
"660","/tracker/donor/41996/3",2011-08-05 22:32:43,5,"Yes","NA"
"661","/tracker/donor/221/3",2011-08-05 22:32:09,5,"Yes","NA"
"662","/tracker/donor/1656/3",2011-08-05 22:31:30,5,"Yes","NA"
"663","/tracker/donor/14282/3",2011-08-05 22:31:22,5,"Yes","NA"
"664","/tracker/donor/1415/3",2011-08-05 22:30:02,10,"Yes","NA"
"665","/tracker/donor/2977/3",2011-08-05 22:29:56,20,"Yes","NA"
"666","/tracker/donor/138/3",2011-08-05 22:29:55,5,"Yes","NA"
"667","/tracker/donor/2454/3",2011-08-05 22:29:44,5,"Yes","NA"
"668","/tracker/donor/319/3",2011-08-05 22:29:29,5,"Yes","NA"
"669","/tracker/donor/3337/3",2011-08-05 22:27:35,5,"Yes","NA"
"670","/tracker/donor/40923/3",2011-08-05 22:26:17,1,"Yes","NA"
"671","/tracker/donor/1794/3",2011-08-05 22:24:14,5,"Yes","NA"
"672","/tracker/donor/1023/3",2011-08-05 22:24:11,5,"Yes","NA"
"673","/tracker/donor/41768/3",2011-08-05 21:53:44,10,"Yes","NA"
"674","/tracker/donor/2930/3",2011-08-05 21:50:54,20,"No","NA"
"675","/tracker/donor/164/3",2011-08-05 21:47:19,1,"Yes","NA"
"676","/tracker/donor/16028/3",2011-08-05 21:45:49,20,"Yes","NA"
"677","/tracker/donor/994/3",2011-08-05 21:45:45,5,"Yes","NA"
"678","/tracker/donor/164/3",2011-08-05 21:40:15,1.5,"Yes","NA"
"679","/tracker/donor/2492/3",2011-08-05 21:39:42,15,"Yes","NA"
"680","/tracker/donor/980/3",2011-08-05 21:32:44,5,"Yes","NA"
"681","/tracker/donor/1656/3",2011-08-05 21:32:43,5,"Yes","NA"
"682","/tracker/donor/16720/3",2011-08-05 21:32:37,5,"Yes","NA"
"683",NA,2011-08-05 21:32:32,5,"Yes","NA"
"684","/tracker/donor/3078/3",2011-08-05 21:32:31,20,"Yes","NA"
"685","/tracker/donor/221/3",2011-08-05 21:32:30,5,"Yes","NA"
"686","/tracker/donor/874/3",2011-08-05 21:31:15,15,"Yes","NA"
"687","/tracker/donor/40807/3",2011-08-05 21:29:45,10,"Yes","NA"
"688","/tracker/donor/40742/3",2011-08-05 21:25:32,5,"Yes","NA"
"689","/tracker/donor/41916/3",2011-08-05 21:17:34,25,"Yes","NA"
"690","/tracker/donor/2533/3",2011-08-05 21:07:52,10,"Yes","NA"
"691","/tracker/donor/41944/3",2011-08-05 20:50:50,10,"Yes","NA"
"692","/tracker/donor/221/3",2011-08-05 20:40:06,5,"Yes","NA"
"693","/tracker/donor/1512/3",2011-08-05 20:33:31,40,"Yes","NA"
"694","/tracker/donor/41893/3",2011-08-05 20:16:19,20,"Yes","NA"
"695","/tracker/donor/41992/3",2011-08-05 20:13:56,11.11,"Yes","NA"
"696","/tracker/donor/40664/3",2011-08-05 20:07:39,10,"Yes","NA"
"697","/tracker/donor/2501/3",2011-08-05 19:59:39,50,"Yes","NA"
"698","/tracker/donor/41916/3",2011-08-05 19:49:08,15,"Yes","NA"
"699","/tracker/donor/319/3",2011-08-05 19:46:57,12,"Yes","NA"
"700","/tracker/donor/2851/3",2011-08-05 19:46:48,10,"Yes","NA"
"701","/tracker/donor/1145/3",2011-08-05 15:20:48,10,"Yes","NA"
"702",NA,2011-08-05 15:19:20,10,"No","NA"
"703","/tracker/donor/41931/3",2011-08-05 15:12:44,10,"Yes","NA"
"704","/tracker/donor/16720/3",2011-08-05 15:11:50,10,"Yes","NA"
"705","/tracker/donor/110/3",2011-08-05 15:10:43,15,"Yes","NA"
"706","/tracker/donor/41878/3",2011-08-05 15:09:34,15,"Yes","NA"
"707","/tracker/donor/41762/3",2011-08-05 15:06:47,10,"Yes","NA"
"708","/tracker/donor/768/3",2011-08-05 15:06:23,50,"Yes","NA"
"709","/tracker/donor/41902/3",2011-08-05 15:04:54,25,"No","NA"
"710","/tracker/donor/1809/3",2011-08-05 15:04:34,0.01,"Yes","NA"
"711","/tracker/donor/41935/3",2011-08-05 15:04:23,20,"Yes","NA"
"712","/tracker/donor/41964/3",2011-08-05 15:02:54,10,"Yes","NA"
"713","/tracker/donor/2129/3",2011-08-05 15:00:29,10,"Yes","NA"
"714","/tracker/donor/3818/3",2011-08-05 14:58:06,10,"Yes","NA"
"715",NA,2011-08-05 14:57:14,10,"Yes","NA"
"716","/tracker/donor/41987/3",2011-08-05 14:57:07,10,"No","NA"
"717","/tracker/donor/2930/3",2011-08-05 14:55:35,5,"No","NA"
"718","/tracker/donor/41961/3",2011-08-05 14:53:20,5,"Yes","NA"
"719","/tracker/donor/23328/3",2011-08-05 14:53:04,30,"Yes","NA"
"720","/tracker/donor/192/3",2011-08-05 14:52:44,5,"No","NA"
"721","/tracker/donor/41921/3",2011-08-05 14:51:46,15,"Yes","NA"
"722","/tracker/donor/41868/3",2011-08-05 14:51:10,20,"Yes","NA"
"723","/tracker/donor/236/3",2011-08-05 14:50:31,10,"Yes","NA"
"724","/tracker/donor/2571/3",2011-08-05 14:50:15,20,"Yes","NA"
"725","/tracker/donor/1809/3",2011-08-05 14:49:51,10,"Yes","NA"
"726",NA,2011-08-05 14:48:28,20,"Yes","NA"
"727","/tracker/donor/2484/3",2011-08-05 14:48:20,10,"Yes","NA"
"728","/tracker/donor/2007/3",2011-08-05 14:44:44,10,"No","NA"
"729","/tracker/donor/164/3",2011-08-05 14:44:28,5,"Yes","NA"
"730",NA,2011-08-05 14:42:48,5,"Yes","NA"
"731","/tracker/donor/112/3",2011-08-05 14:42:32,10,"Yes","NA"
"732","/tracker/donor/3818/3",2011-08-05 14:33:27,15,"Yes","NA"
"733","/tracker/donor/2100/3",2011-08-05 14:22:45,9.99,"Yes","NA"
"734","/tracker/donor/41999/3",2011-08-05 14:20:32,10,"Yes","NA"
"735","/tracker/donor/612/3",2011-08-05 14:19:33,25,"Yes","NA"
"736","/tracker/donor/2100/3",2011-08-05 14:13:00,10,"Yes","NA"
"737","/tracker/donor/20589/3",2011-08-05 14:09:34,10,"Yes","NA"
"738","/tracker/donor/36/3",2011-08-05 14:08:42,78.54,"Yes","NA"
"739","/tracker/donor/61/3",2011-08-05 14:07:59,50,"Yes","NA"
"740","/tracker/donor/40810/3",2011-08-05 14:02:56,20,"Yes","NA"
"741","/tracker/donor/8918/3",2011-08-05 14:00:28,10,"Yes","NA"
"742","/tracker/donor/2070/3",2011-08-05 13:59:45,40,"Yes","NA"
"743","/tracker/donor/1304/3",2011-08-05 13:55:53,10,"Yes","NA"
"744","/tracker/donor/319/3",2011-08-05 13:50:29,10.01,"Yes","NA"
"745",NA,2011-08-05 13:41:46,10,"Yes","NA"
"746","/tracker/donor/41961/3",2011-08-05 13:41:12,10,"Yes","NA"
"747","/tracker/donor/344/3",2011-08-05 13:39:32,10,"Yes","NA"
"748","/tracker/donor/1667/3",2011-08-05 13:38:28,10,"Yes","NA"
"749","/tracker/donor/2011/3",2011-08-05 13:38:22,40,"Yes","NA"
"750","/tracker/donor/5285/3",2011-08-05 13:37:52,10,"Yes","NA"
"751","/tracker/donor/2354/3",2011-08-05 18:35:13,30,"Yes","NA"
"752","/tracker/donor/1965/3",2011-08-05 18:31:15,5,"Yes","NA"
"753","/tracker/donor/777/3",2011-08-05 18:30:52,30,"Yes","NA"
"754","/tracker/donor/1023/3",2011-08-05 18:30:38,20,"Yes","NA"
"755","/tracker/donor/633/3",2011-08-05 18:30:30,10,"No","NA"
"756","/tracker/donor/40977/3",2011-08-05 18:29:04,25,"No","NA"
"757","/tracker/donor/41719/3",2011-08-05 18:28:46,20,"Yes","NA"
"758",NA,2011-08-05 18:28:42,20,"No","NA"
"759","/tracker/donor/41925/3",2011-08-05 18:24:35,5,"Yes","NA"
"760","/tracker/donor/41912/3",2011-08-05 18:23:14,10,"Yes","NA"
"761","/tracker/donor/2290/3",2011-08-05 18:14:28,5,"Yes","NA"
"762","/tracker/donor/2749/3",2011-08-05 18:13:45,5,"Yes","NA"
"763","/tracker/donor/1697/3",2011-08-05 18:13:40,10,"Yes","NA"
"764","/tracker/donor/1776/3",2011-08-05 18:11:49,20,"Yes","NA"
"765","/tracker/donor/14282/3",2011-08-05 18:07:03,10,"Yes","NA"
"766","/tracker/donor/1965/3",2011-08-05 18:06:38,25,"Yes","NA"
"767","/tracker/donor/2648/3",2011-08-05 18:05:43,15,"Yes","NA"
"768","/tracker/donor/3185/3",2011-08-05 18:05:22,10,"Yes","NA"
"769","/tracker/donor/2571/3",2011-08-05 18:02:58,10,"Yes","NA"
"770","/tracker/donor/2975/3",2011-08-05 18:02:54,10,"Yes","NA"
"771","/tracker/donor/41991/3",2011-08-05 18:02:51,5,"Yes","NA"
"772","/tracker/donor/41261/3",2011-08-05 18:02:50,10,"Yes","NA"
"773","/tracker/donor/41877/3",2011-08-05 17:54:11,4.99,"No","NA"
"774","/tracker/donor/2519/3",2011-08-05 17:51:51,10,"Yes","NA"
"775","/tracker/donor/3210/3",2011-08-05 17:51:25,5,"Yes","NA"
"776","/tracker/donor/3229/3",2011-08-05 17:51:11,5,"Yes","NA"
"777","/tracker/donor/1927/3",2011-08-05 17:49:35,10,"Yes","NA"
"778","/tracker/donor/1668/3",2011-08-05 17:47:50,50,"Yes","NA"
"779","/tracker/donor/1983/3",2011-08-05 17:43:44,5,"Yes","NA"
"780","/tracker/donor/221/3",2011-08-05 17:43:17,5,"Yes","NA"
"781","/tracker/donor/2899/3",2011-08-05 17:42:38,10,"Yes","NA"
"782","/tracker/donor/6953/3",2011-08-05 17:42:27,20,"Yes","NA"
"783","/tracker/donor/3252/3",2011-08-05 17:42:25,10,"No","NA"
"784","/tracker/donor/1965/3",2011-08-05 17:42:08,5.33,"Yes","NA"
"785","/tracker/donor/40842/3",2011-08-05 17:36:26,5,"Yes","NA"
"786","/tracker/donor/1145/3",2011-08-05 17:35:07,5,"Yes","NA"
"787","/tracker/donor/1427/3",2011-08-05 17:34:05,10,"Yes","NA"
"788","/tracker/donor/1473/3",2011-08-05 17:32:43,20,"Yes","NA"
"789","/tracker/donor/2977/3",2011-08-05 17:32:34,10,"Yes","NA"
"790","/tracker/donor/1087/3",2011-08-05 17:32:22,5.67,"Yes","NA"
"791","/tracker/donor/604/3",2011-08-05 17:32:00,5,"Yes","NA"
"792","/tracker/donor/41991/3",2011-08-05 17:31:44,5,"Yes","NA"
"793","/tracker/donor/1023/3",2011-08-05 17:29:48,10,"Yes","NA"
"794","/tracker/donor/41217/3",2011-08-05 17:29:00,20,"Yes","NA"
"795","/tracker/donor/2055/3",2011-08-05 17:28:54,37,"Yes","NA"
"796","/tracker/donor/3273/3",2011-08-05 17:24:46,15,"Yes","NA"
"797","/tracker/donor/382/3",2011-08-05 17:23:07,10,"Yes","NA"
"798","/tracker/donor/41050/3",2011-08-05 17:22:45,5,"Yes","NA"
"799","/tracker/donor/41924/3",2011-08-05 17:19:20,5,"Yes","NA"
"800","/tracker/donor/41965/3",2011-08-05 17:18:53,10,"Yes","NA"
"801","/tracker/donor/41973/3",2011-08-05 03:18:49,20,"Yes","NA"
"802","/tracker/donor/3495/3",2011-08-05 03:16:21,5,"No","NA"
"803","/tracker/donor/128/3",2011-08-05 03:14:31,100,"Yes","NA"
"804","/tracker/donor/128/3",2011-08-05 03:12:36,0.01,"Yes","NA"
"805","/tracker/donor/40742/3",2011-08-05 03:05:36,5,"Yes","NA"
"806","/tracker/donor/41968/3",2011-08-05 03:05:34,144.41,"Yes","NA"
"807","/tracker/donor/10064/3",2011-08-05 02:29:35,25,"Yes","NA"
"808","/tracker/donor/92/3",2011-08-05 02:20:56,10,"Yes","NA"
"809","/tracker/donor/30473/3",2011-08-05 02:00:11,40,"No","NA"
"810","/tracker/donor/2000/3",2011-08-05 01:43:21,0.5,"Yes","NA"
"811","/tracker/donor/32227/3",2011-08-05 01:26:45,10,"No","NA"
"812","/tracker/donor/19407/3",2011-08-05 01:16:46,5,"Yes","NA"
"813","/tracker/donor/41310/3",2011-08-05 00:50:25,5,"Yes","NA"
"814","/tracker/donor/1776/3",2011-08-05 00:48:30,10,"Yes","NA"
"815","/tracker/donor/41948/3",2011-08-05 00:39:00,6.58,"Yes","NA"
"816","/tracker/donor/41998/3",2011-08-05 00:24:39,20,"Yes","NA"
"817","/tracker/donor/2451/3",2011-08-05 00:19:48,10,"Yes","NA"
"818","/tracker/donor/657/3",2011-08-04 23:56:45,15,"Yes","NA"
"819","/tracker/donor/41839/3",2011-08-04 23:48:10,5,"Yes","NA"
"820","/tracker/donor/26574/3",2011-08-04 23:46:48,10,"Yes","NA"
"821","/tracker/donor/1737/3",2011-08-04 23:46:30,12,"No","NA"
"822","/tracker/donor/874/3",2011-08-04 23:36:32,15,"Yes","NA"
"823","/tracker/donor/41998/3",2011-08-04 23:36:17,50,"Yes","NA"
"824","/tracker/donor/41848/3",2011-08-04 23:26:49,5,"Yes","NA"
"825","/tracker/donor/41948/3",2011-08-04 23:21:11,15,"Yes","NA"
"826","/tracker/donor/138/3",2011-08-04 23:16:15,8,"Yes","NA"
"827","/tracker/donor/874/3",2011-08-04 23:13:47,200,"Yes","NA"
"828","/tracker/donor/3299/3",2011-08-04 23:09:34,5,"No","NA"
"829","/tracker/donor/3818/3",2011-08-04 23:07:06,5,"Yes","NA"
"830","/tracker/donor/37/3",2011-08-04 23:06:02,5,"Yes","NA"
"831","/tracker/donor/221/3",2011-08-04 23:01:43,1,"Yes","NA"
"832",NA,2011-08-04 22:36:52,20,"Yes","NA"
"833","/tracker/donor/2519/3",2011-08-04 22:34:55,5,"No","NA"
"834","/tracker/donor/41869/3",2011-08-04 22:33:39,10,"Yes","NA"
"835","/tracker/donor/6264/3",2011-08-04 22:33:33,5,"Yes","NA"
"836","/tracker/donor/994/3",2011-08-04 22:33:17,5,"Yes","NA"
"837","/tracker/donor/1881/3",2011-08-04 22:31:38,7,"No","NA"
"838","/tracker/donor/221/3",2011-08-04 22:28:29,5,"Yes","NA"
"839",NA,2011-08-04 22:16:12,5,"Yes","NA"
"840","/tracker/donor/40810/3",2011-08-04 22:16:05,50,"Yes","NA"
"841","/tracker/donor/41719/3",2011-08-04 22:13:20,40,"Yes","NA"
"842","/tracker/donor/3007/3",2011-08-04 22:11:20,5,"Yes","NA"
"843","/tracker/donor/141/3",2011-08-04 22:07:31,20,"Yes","NA"
"844","/tracker/donor/221/3",2011-08-04 22:03:38,1,"Yes","NA"
"845","/tracker/donor/2496/3",2011-08-04 22:02:26,20,"Yes","NA"
"846","/tracker/donor/165/3",2011-08-04 21:51:58,10,"Yes","NA"
"847","/tracker/donor/41460/3",2011-08-04 21:46:24,10,"No","NA"
"848","/tracker/donor/41886/3",2011-08-04 21:45:30,25,"Yes","NA"
"849","/tracker/donor/41494/3",2011-08-04 21:29:24,20,"Yes","NA"
"850","/tracker/donor/40923/3",2011-08-04 21:20:25,5,"Yes","NA"
"851","/tracker/donor/41764/3",2011-08-04 18:48:53,5,"Yes","NA"
"852",NA,2011-08-04 18:47:53,10,"Yes","NA"
"853","/tracker/donor/221/3",2011-08-04 18:42:18,1,"Yes","NA"
"854","/tracker/donor/41212/3",2011-08-04 18:40:53,10,"Yes","NA"
"855","/tracker/donor/2738/3",2011-08-04 18:39:38,10,"Yes","NA"
"856","/tracker/donor/41719/3",2011-08-04 18:35:16,100,"Yes","NA"
"857","/tracker/donor/3262/3",2011-08-04 18:30:08,50,"Yes","NA"
"858","/tracker/donor/41994/3",2011-08-04 18:27:03,5,"Yes","NA"
"859","/tracker/donor/40742/3",2011-08-04 18:19:25,10,"Yes","NA"
"860","/tracker/donor/1688/3",2011-08-04 18:13:20,20,"Yes","NA"
"861","/tracker/donor/319/3",2011-08-04 18:07:25,5,"No","NA"
"862","/tracker/donor/706/3",2011-08-04 18:06:45,10,"Yes","NA"
"863","/tracker/donor/1386/3",2011-08-04 18:06:30,15,"No","NA"
"864","/tracker/donor/2522/3",2011-08-04 18:04:20,5,"Yes","NA"
"865","/tracker/donor/126/3",2011-08-04 17:57:00,5,"Yes","NA"
"866","/tracker/donor/2975/3",2011-08-04 17:56:08,15,"Yes","NA"
"867","/tracker/donor/13627/3",2011-08-04 17:47:09,10,"Yes","NA"
"868","/tracker/donor/2136/3",2011-08-04 17:47:03,10,"Yes","NA"
"869","/tracker/donor/41934/3",2011-08-04 17:46:54,5,"No","NA"
"870","/tracker/donor/221/3",2011-08-04 17:43:23,1,"Yes","NA"
"871","/tracker/donor/151/3",2011-08-04 17:37:27,20,"Yes","NA"
"872",NA,2011-08-04 17:35:40,5,"Yes","NA"
"873","/tracker/donor/3049/3",2011-08-04 17:21:53,10,"No","NA"
"874","/tracker/donor/41764/3",2011-08-04 17:19:25,5,"Yes","NA"
"875","/tracker/donor/11548/3",2011-08-04 17:18:35,20,"Yes","NA"
"876","/tracker/donor/41465/3",2011-08-04 17:18:20,5,"Yes","NA"
"877","/tracker/donor/41863/3",2011-08-04 17:18:03,5,"Yes","NA"
"878","/tracker/donor/40842/3",2011-08-04 17:17:57,5,"Yes","NA"
"879","/tracker/donor/2740/3",2011-08-04 17:12:38,5,"Yes","NA"
"880","/tracker/donor/2549/3",2011-08-04 17:08:10,10,"No","NA"
"881","/tracker/donor/41719/3",2011-08-04 17:02:27,50,"Yes","NA"
"882","/tracker/donor/2977/3",2011-08-04 17:02:20,10,"Yes","NA"
"883","/tracker/donor/13191/3",2011-08-04 17:02:08,10,"Yes","NA"
"884","/tracker/donor/3064/3",2011-08-04 17:01:29,10,"Yes","NA"
"885","/tracker/donor/41636/3",2011-08-04 17:01:16,10,"Yes","NA"
"886","/tracker/donor/20589/3",2011-08-04 17:00:53,10,"Yes","NA"
"887","/tracker/donor/40810/3",2011-08-04 17:00:47,10,"Yes","NA"
"888","/tracker/donor/909/3",2011-08-04 16:53:08,10,"Yes","NA"
"889","/tracker/donor/41465/3",2011-08-04 16:47:35,10,"Yes","NA"
"890","/tracker/donor/2364/3",2011-08-04 16:47:18,1,"Yes","NA"
"891","/tracker/donor/221/3",2011-08-04 16:45:56,1,"Yes","NA"
"892","/tracker/donor/138/3",2011-08-04 16:43:48,5,"Yes","NA"
"893","/tracker/donor/3818/3",2011-08-04 16:42:17,5,"Yes","NA"
"894","/tracker/donor/2304/3",2011-08-04 16:33:00,15,"Yes","NA"
"895","/tracker/donor/2977/3",2011-08-04 16:26:49,50,"Yes","NA"
"896","/tracker/donor/3139/3",2011-08-04 16:20:58,10,"Yes","NA"
"897","/tracker/donor/319/3",2011-08-04 16:12:55,10,"Yes","NA"
"898","/tracker/donor/1529/3",2011-08-04 16:10:32,80,"Yes","NA"
"899","/tracker/donor/138/3",2011-08-04 16:06:08,10,"Yes","NA"
"900","/tracker/donor/41884/3",2011-08-04 16:05:58,25,"Yes","NA"
"901","/tracker/donor/40742/3",2011-08-04 12:26:41,5,"Yes","NA"
"902","/tracker/donor/1150/3",2011-08-04 12:25:43,10,"Yes","NA"
"903","/tracker/donor/41851/3",2011-08-04 12:23:18,5,"Yes","NA"
"904","/tracker/donor/909/3",2011-08-04 12:18:29,5,"Yes","NA"
"905","/tracker/donor/41981/3",2011-08-04 12:18:28,5,"Yes","NA"
"906","/tracker/donor/2977/3",2011-08-04 12:16:40,10,"Yes","NA"
"907","/tracker/donor/1809/3",2011-08-04 12:14:56,100,"Yes","NA"
"908","/tracker/donor/41849/3",2011-08-04 12:13:08,10,"Yes","NA"
"909",NA,2011-08-04 12:12:42,10,"Yes","NA"
"910","/tracker/donor/2208/3",2011-08-04 12:10:31,5,"Yes","NA"
"911","/tracker/donor/41856/3",2011-08-04 12:08:42,25,"No","NA"
"912","/tracker/donor/3818/3",2011-08-04 12:02:45,300,"Yes","NA"
"913","/tracker/donor/319/3",2011-08-04 12:00:48,10,"No","NA"
"914","/tracker/donor/116/3",2011-08-04 11:50:57,20,"Yes","NA"
"915","/tracker/donor/221/3",2011-08-04 09:41:04,1,"No","NA"
"916","/tracker/donor/221/3",2011-08-04 09:25:14,6,"Yes","NA"
"917","/tracker/donor/1001/3",2011-08-03 19:09:06,5,"Yes","NA"
"918","/tracker/donor/16720/3",2011-08-01 10:14:22,1,"Yes","NA"
"919","/tracker/donor/41918/3",2011-08-04 15:57:33,10,"Yes","NA"
"920","/tracker/donor/41994/3",2011-08-04 15:56:39,11,"Yes","NA"
"921",NA,2011-08-04 15:52:44,5,"Yes","NA"
"922","/tracker/donor/1529/3",2011-08-04 15:52:25,19,"Yes","NA"
"923","/tracker/donor/2131/3",2011-08-04 15:52:00,10,"Yes","NA"
"924","/tracker/donor/37/3",2011-08-04 15:49:42,5,"Yes","NA"
"925",NA,2011-08-04 15:47:57,5,"Yes","NA"
"926","/tracker/donor/1529/3",2011-08-04 15:47:16,15,"Yes","NA"
"927","/tracker/donor/169/3",2011-08-04 15:45:36,10,"Yes","NA"
"928","/tracker/donor/40923/3",2011-08-04 15:41:02,5,"Yes","NA"
"929","/tracker/donor/1682/3",2011-08-04 15:39:54,15,"No","NA"
"930","/tracker/donor/40810/3",2011-08-04 15:39:22,5,"Yes","NA"
"931","/tracker/donor/2740/3",2011-08-04 15:39:16,10,"Yes","NA"
"932","/tracker/donor/1794/3",2011-08-04 15:38:55,5,"Yes","NA"
"933","/tracker/donor/41636/3",2011-08-04 15:36:57,5,"Yes","NA"
"934",NA,2011-08-04 15:34:43,20,"No","NA"
"935","/tracker/donor/16720/3",2011-08-04 15:33:29,10,"Yes","NA"
"936","/tracker/donor/1427/3",2011-08-04 15:33:06,5,"Yes","NA"
"937","/tracker/donor/994/3",2011-08-04 15:31:13,10,"Yes","NA"
"938","/tracker/donor/1730/3",2011-08-04 15:25:56,50,"Yes","NA"
"939","/tracker/donor/777/3",2011-08-04 15:16:22,20,"Yes","NA"
"940","/tracker/donor/1809/3",2011-08-04 15:15:16,100,"Yes","NA"
"941","/tracker/donor/1197/3",2011-08-04 15:11:39,25,"Yes","NA"
"942","/tracker/donor/221/3",2011-08-04 15:08:57,61.01,"Yes","NA"
"943","/tracker/donor/192/3",2011-08-04 15:07:36,15,"No","NA"
"944","/tracker/donor/2021/3",2011-08-04 15:02:10,3.14,"Yes","NA"
"945","/tracker/donor/1809/3",2011-08-04 15:00:32,50,"Yes","NA"
"946","/tracker/donor/221/3",2011-08-04 14:56:39,110,"Yes","NA"
"947","/tracker/donor/41465/3",2011-08-04 14:55:40,100,"Yes","NA"
"948","/tracker/donor/41953/3",2011-08-04 14:54:00,10,"Yes","NA"
"949","/tracker/donor/41933/3",2011-08-04 14:48:38,13.37,"No","NA"
"950","/tracker/donor/41982/3",2011-08-04 14:47:48,40,"Yes","NA"
"951","/tracker/donor/1809/3",2011-08-04 14:43:35,100,"Yes","NA"
"952","/tracker/donor/1983/3",2011-08-04 14:39:11,15,"Yes","NA"
"953","/tracker/donor/994/3",2011-08-04 14:39:01,5,"Yes","NA"
"954","/tracker/donor/41898/3",2011-08-04 14:37:46,5,"No","NA"
"955",NA,2011-08-04 14:36:14,5,"No","NA"
"956","/tracker/donor/41103/3",2011-08-04 14:33:15,20,"Yes","NA"
"957","/tracker/donor/781/3",2011-08-04 14:32:19,10,"Yes","NA"
"958","/tracker/donor/1145/3",2011-08-04 14:25:54,100,"Yes","NA"
"959","/tracker/donor/1182/3",2011-08-04 14:25:54,1,"Yes","NA"
"960","/tracker/donor/3818/3",2011-08-04 14:25:21,10,"Yes","NA"
"961","/tracker/donor/221/3",2011-08-04 14:21:46,11.01,"Yes","NA"
"962","/tracker/donor/41465/3",2011-08-04 14:20:58,10,"Yes","NA"
"963","/tracker/donor/41979/3",2011-08-04 14:19:16,7,"No","NA"
"964","/tracker/donor/41989/3",2011-08-04 14:14:48,3.99,"No","NA"
"965","/tracker/donor/41882/3",2011-08-04 14:08:07,20,"No","NA"
"966","/tracker/donor/41952/3",2011-08-04 14:06:26,20,"Yes","NA"
"967","/tracker/donor/16720/3",2011-08-04 14:05:48,10,"Yes","NA"
"968","/tracker/donor/1444/3",2011-08-04 14:03:26,20,"Yes","NA"
"969","/tracker/donor/41025/3",2011-08-05 09:02:52,10,"Yes","NA"
"970","/tracker/donor/192/3",2011-08-05 09:00:01,5,"No","NA"
"971","/tracker/donor/221/3",2011-08-05 08:59:28,20,"Yes","NA"
"972","/tracker/donor/41876/3",2011-08-05 08:56:59,5,"Yes","NA"
"973","/tracker/donor/41952/3",2011-08-05 08:55:44,20,"Yes","NA"
"974","/tracker/donor/1543/3",2011-08-05 08:55:04,5,"Yes","NA"
"975","/tracker/donor/151/3",2011-08-05 08:51:58,20,"Yes","NA"
"976",NA,2011-08-05 08:42:54,10,"Yes","NA"
"977","/tracker/donor/1296/3",2011-08-05 08:40:35,25,"Yes","NA"
"978","/tracker/donor/2571/3",2011-08-05 08:35:51,20,"Yes","NA"
"979","/tracker/donor/777/3",2011-08-05 08:34:51,10,"Yes","NA"
"980","/tracker/donor/2129/3",2011-08-05 08:31:29,10,"Yes","NA"
"981","/tracker/donor/40842/3",2011-08-05 08:30:49,11.11,"Yes","NA"
"982","/tracker/donor/2290/3",2011-08-05 08:27:44,5,"Yes","NA"
"983","/tracker/donor/445/3",2011-08-05 08:27:30,10,"No","NA"
"984","/tracker/donor/221/3",2011-08-05 08:26:17,20,"Yes","NA"
"985","/tracker/donor/2448/3",2011-08-05 08:25:39,37,"Yes","NA"
"986","/tracker/donor/23324/3",2011-08-05 08:25:13,10,"Yes","NA"
"987","/tracker/donor/40846/3",2011-08-05 08:16:24,5,"Yes","NA"
"988","/tracker/donor/41988/3",2011-08-05 07:53:15,10,"Yes","NA"
"989","/tracker/donor/1631/3",2011-08-05 07:40:34,2,"Yes","NA"
"990","/tracker/donor/2174/3",2011-08-05 07:30:44,10,"Yes","NA"
"991","/tracker/donor/41636/3",2011-08-05 07:27:49,10,"Yes","NA"
"992","/tracker/donor/221/3",2011-08-05 07:03:58,1,"Yes","NA"
"993","/tracker/donor/41909/3",2011-08-05 06:41:30,25,"No","NA"
"994","/tracker/donor/4780/3",2011-08-05 06:40:07,10,"No","NA"
"995","/tracker/donor/41764/3",2011-08-05 06:33:39,5,"Yes","NA"
"996","/tracker/donor/126/3",2011-08-05 06:20:18,30,"Yes","NA"
"997","/tracker/donor/41896/3",2011-08-05 06:12:44,25,"Yes","NA"
"998","/tracker/donor/41923/3",2011-08-05 06:07:45,5,"Yes","NA"
"999","/tracker/donor/41852/3",2011-08-05 06:06:02,10,"Yes","NA"
"1000","/tracker/donor/8918/3",2011-08-05 06:03:27,5,"Yes","NA"
"1001","/tracker/donor/41764/3",2011-08-05 05:59:43,5,"Yes","NA"
"1002","/tracker/donor/16720/3",2011-08-05 05:52:37,5,"Yes","NA"
"1003","/tracker/donor/6487/3",2011-08-05 05:49:05,8,"Yes","NA"
"1004","/tracker/donor/221/3",2011-08-04 21:18:16,1,"Yes","NA"
"1005","/tracker/donor/221/3",2011-08-04 21:17:31,1,"Yes","NA"
"1006","/tracker/donor/221/3",2011-08-04 21:15:58,1,"Yes","NA"
"1007","/tracker/donor/8918/3",2011-08-04 21:10:53,10,"Yes","NA"
"1008","/tracker/donor/141/3",2011-08-04 21:04:27,10,"Yes","NA"
"1009","/tracker/donor/41465/3",2011-08-04 21:01:18,5,"Yes","NA"
"1010","/tracker/donor/1809/3",2011-08-04 20:46:41,5,"Yes","NA"
"1011","/tracker/donor/6230/3",2011-08-04 20:42:23,100,"Yes","NA"
"1012","/tracker/donor/40742/3",2011-08-04 20:39:18,5,"Yes","NA"
"1013","/tracker/donor/41113/3",2011-08-04 20:29:10,3,"Yes","NA"
"1014","/tracker/donor/1427/3",2011-08-05 05:47:31,5,"Yes","NA"
"1015","/tracker/donor/503/3",2011-08-05 05:45:25,15,"No","NA"
"1016","/tracker/donor/657/3",2011-08-05 05:43:13,15,"Yes","NA"
"1017",NA,2011-08-05 05:16:29,15,"No","NA"
"1018","/tracker/donor/13445/3",2011-08-05 05:01:50,10,"Yes","NA"
"1019","/tracker/donor/317/3",2011-08-05 05:00:05,10,"Yes","NA"
"1020","/tracker/donor/41882/3",2011-08-05 04:32:07,20,"Yes","NA"
"1021","/tracker/donor/41046/3",2011-08-05 04:15:47,10,"Yes","NA"
"1022","/tracker/donor/373/3",2011-08-05 04:06:51,25,"Yes","NA"
"1023","/tracker/donor/41919/3",2011-08-05 04:06:24,10,"Yes","NA"
"1024","/tracker/donor/1415/3",2011-08-05 04:04:11,30,"Yes","NA"
"1025","/tracker/donor/40742/3",2011-08-05 03:49:40,5,"Yes","NA"
"1026","/tracker/donor/36/3",2011-08-04 20:27:52,50,"Yes","NA"
"1027","/tracker/donor/23444/3",2011-08-04 20:26:58,5,"Yes","NA"
"1028","/tracker/donor/1211/3",2011-08-04 20:26:45,2,"Yes","NA"
"1029","/tracker/donor/1794/3",2011-08-04 20:25:33,10,"Yes","NA"
"1030","/tracker/donor/221/3",2011-08-04 20:25:32,10.01,"Yes","NA"
"1031","/tracker/donor/41885/3",2011-08-04 20:25:10,10.01,"Yes","NA"
"1032","/tracker/donor/61/3",2011-08-04 20:25:01,50,"Yes","NA"
"1033","/tracker/donor/112/3",2011-08-04 20:18:10,20,"Yes","NA"
"1034","/tracker/donor/420/3",2011-08-04 20:17:08,10,"Yes","NA"
"1035","/tracker/donor/994/3",2011-08-04 20:11:58,5,"Yes","NA"
"1036",NA,2011-08-04 20:10:23,20,"Yes","NA"
"1037","/tracker/donor/41422/3",2011-08-04 20:04:39,10,"Yes","NA"
"1038","/tracker/donor/41958/3",2011-08-05 03:47:15,5,"Yes","NA"
"1039","/tracker/donor/3339/3",2011-08-05 03:43:36,5,"Yes","NA"
"1040","/tracker/donor/2360/3",2011-08-05 03:40:56,10,"Yes","NA"
"1041","/tracker/donor/1543/3",2011-08-04 19:58:28,5,"No","NA"
"1042","/tracker/donor/1444/3",2011-08-04 19:58:11,5,"Yes","NA"
"1043","/tracker/donor/16720/3",2011-08-04 19:52:19,5,"Yes","NA"
"1044","/tracker/donor/2131/3",2011-08-04 19:50:34,5,"Yes","NA"
"1045","/tracker/donor/41890/3",2011-08-04 19:47:05,15,"Yes","NA"
"1046","/tracker/donor/2738/3",2011-08-04 19:45:28,10,"Yes","NA"
"1047","/tracker/donor/41891/3",2011-08-04 19:44:40,10,"Yes","NA"
"1048","/tracker/donor/221/3",2011-08-04 19:43:04,1,"Yes","NA"
"1049","/tracker/donor/40941/3",2011-08-04 19:40:43,30,"Yes","NA"
"1050","/tracker/donor/1454/3",2011-08-04 19:40:29,20,"Yes","NA"
"1051","/tracker/donor/2366/3",2011-08-04 19:39:43,35,"Yes","NA"
"1052","/tracker/donor/12572/3",2011-08-04 19:38:48,25,"Yes","NA"
"1053","/tracker/donor/777/3",2011-08-04 19:38:33,21,"Yes","NA"
"1054","/tracker/donor/2977/3",2011-08-04 19:33:42,10,"Yes","NA"
"1055",NA,2011-08-04 19:29:32,10,"Yes","NA"
"1056","/tracker/donor/11891/3",2011-08-04 19:27:08,15,"Yes","NA"
"1057","/tracker/donor/41192/3",2011-08-04 19:26:34,5,"Yes","NA"
"1058","/tracker/donor/41846/3",2011-08-04 19:26:08,5,"Yes","NA"
"1059","/tracker/donor/41983/3",2011-08-04 19:24:55,1,"Yes","NA"
"1060",NA,2011-08-04 19:20:18,20,"Yes","NA"
"1061","/tracker/donor/780/3",2011-08-04 19:09:21,25,"Yes","NA"
"1062","/tracker/donor/2076/3",2011-08-04 19:07:37,10.07,"Yes","NA"
"1063","/tracker/donor/2959/3",2011-08-04 19:04:18,10,"Yes","NA"
"1064","/tracker/donor/41969/3",2011-08-04 19:04:16,10,"Yes","NA"
"1065","/tracker/donor/1809/3",2011-08-04 19:03:32,15,"Yes","NA"
"1066","/tracker/donor/2977/3",2011-08-04 19:00:05,20,"Yes","NA"
"1067","/tracker/donor/2480/3",2011-08-04 18:52:27,35,"Yes","NA"
"1068","/tracker/donor/3445/3",2011-08-04 18:51:56,30,"Yes","NA"
"1069","/tracker/donor/221/3",2011-08-04 14:02:45,75,"Yes","NA"
"1070","/tracker/donor/2977/3",2011-08-04 14:01:26,10,"Yes","NA"
"1071","/tracker/donor/2492/3",2011-08-04 13:59:12,15,"Yes","NA"
"1072","/tracker/donor/3818/3",2011-08-04 13:57:54,10,"Yes","NA"
"1073","/tracker/donor/4807/3",2011-08-04 13:55:51,15,"No","NA"
"1074","/tracker/donor/319/3",2011-08-04 13:49:54,10,"Yes","NA"
"1075","/tracker/donor/2203/3",2011-08-04 13:49:02,11.11,"No","NA"
"1076","/tracker/donor/1809/3",2011-08-04 13:48:04,120,"Yes","NA"
"1077",NA,2011-08-04 13:44:25,10,"Yes","NA"
"1078","/tracker/donor/141/3",2011-08-04 13:44:07,10,"Yes","NA"
"1079","/tracker/donor/3007/3",2011-08-04 13:41:25,10,"Yes","NA"
"1080",NA,2011-08-04 13:41:17,15,"Yes","NA"
"1081","/tracker/donor/221/3",2011-08-04 13:40:52,10,"Yes","NA"
"1082","/tracker/donor/41636/3",2011-08-04 13:40:19,5,"Yes","NA"
"1083","/tracker/donor/12572/3",2011-08-04 13:37:06,50,"No","NA"
"1084","/tracker/donor/9319/3",2011-08-04 13:36:12,10,"Yes","NA"
"1085","/tracker/donor/2793/3",2011-08-04 13:34:35,5,"No","NA"
"1086","/tracker/donor/2571/3",2011-08-04 13:31:48,20,"Yes","NA"
"1087","/tracker/donor/3007/3",2011-08-04 13:30:54,10,"No","NA"
"1088","/tracker/donor/1809/3",2011-08-04 13:27:38,30,"Yes","NA"
"1089","/tracker/donor/41941/3",2011-08-04 13:21:10,100,"Yes","NA"
"1090","/tracker/donor/126/3",2011-08-04 13:15:27,35,"Yes","NA"
"1091","/tracker/donor/14372/3",2011-08-04 13:14:08,5,"Yes","NA"
"1092","/tracker/donor/8918/3",2011-08-04 13:13:07,35,"Yes","NA"
"1093","/tracker/donor/592/3",2011-08-04 13:11:19,5,"Yes","NA"
"1094","/tracker/donor/2021/3",2011-08-04 13:06:02,10,"Yes","NA"
"1095","/tracker/donor/1415/3",2011-08-04 13:02:50,43.5,"Yes","NA"
"1096","/tracker/donor/777/3",2011-08-04 13:01:53,10,"Yes","NA"
"1097","/tracker/donor/1809/3",2011-08-04 13:01:38,50,"Yes","NA"
"1098",NA,2011-08-04 12:59:41,5,"Yes","NA"
"1099","/tracker/donor/420/3",2011-08-04 12:58:25,15,"Yes","NA"
"1100","/tracker/donor/994/3",2011-08-04 12:58:25,10,"Yes","NA"
"1101","/tracker/donor/112/3",2011-08-04 12:55:03,25,"Yes","NA"
"1102","/tracker/donor/41636/3",2011-08-04 12:54:52,5,"Yes","NA"
"1103","/tracker/donor/1947/3",2011-08-04 12:52:44,10,"Yes","NA"
"1104","/tracker/donor/41955/3",2011-08-04 12:49:35,1,"Yes","NA"
"1105","/tracker/donor/41940/3",2011-08-04 12:49:01,77,"Yes","NA"
"1106","/tracker/donor/41949/3",2011-08-04 12:46:24,20,"Yes","NA"
"1107","/tracker/donor/6266/3",2011-08-04 12:45:36,5,"Yes","NA"
"1108","/tracker/donor/41907/3",2011-08-04 12:42:30,50,"Yes","NA"
"1109","/tracker/donor/1809/3",2011-08-04 12:42:20,50,"Yes","NA"
"1110","/tracker/donor/1145/3",2011-08-04 12:40:36,101,"Yes","NA"
"1111","/tracker/donor/41856/3",2011-08-04 12:35:26,10,"Yes","NA"
"1112","/tracker/donor/2174/3",2011-08-04 12:33:44,20,"Yes","NA"
"1113","/tracker/donor/41895/3",2011-08-04 12:32:45,20,"Yes","NA"
"1114","/tracker/donor/41340/3",2011-08-04 12:31:47,8,"Yes","NA"
"1115","/tracker/donor/16720/3",2011-08-04 12:31:36,10,"Yes","NA"
"1116","/tracker/donor/40810/3",2011-08-04 12:30:52,50,"Yes","NA"
"1117","/tracker/donor/41957/3",2011-08-04 12:28:27,100,"Yes","NA"
"1118","/tracker/donor/2037/3",2011-08-04 12:28:12,50,"Yes","NA"
